기간,01시,02시,03시,04시,05시,06시,07시,08시,09시,10시,11시,12시,13시,14시,15시,16시,17시,18시,19시,20시,21시,22시,23시,24시,최대,최소,가중평균
2021/03/04,135.18,112.69,112.84,112.84,110.65,112.37,109.71,113,110.34,211.18,206.88,198.99,138.81,183.53,182.02,195.07,195.07,203.71,208.37,204.07,194.59,136.01,185.94,193.15,211.18,109.71,163.28
2021/03/03,128.47,147.3,138.53,138.15,138.15,112.94,140.2,112.47,111.37,111.53,88.43,88.27,88.27,88.27,88.27,106.37,113.9,186.57,209.19,208.83,206.68,187.74,197.35,190.14,209.19,88.27,141.03
2021/03/02,109.08,88.28,87.6,86.92,89.09,88.93,88.93,89.09,89.09,89.09,89.09,88.93,83.19,84.38,88.04,88.04,88.92,88.92,113.43,113.9,147.96,114.22,157.65,210.3,210.3,83.19,104.82
2021/03/01,89.32,109.34,88.1,87.34,89.32,89.32,117.5,121.58,120.95,89.16,89.16,89,84.65,89,112.55,89,117.26,117.88,119.92,153.49,117.57,117.26,114.12,112.08,153.49,84.65,106.59
2021/02/28,102.29,80.98,80.98,80.66,80.98,100.01,103.15,104.44,102.29,80.84,80.84,78.56,65.54,65.54,80.66,78.82,101.53,105.82,200.9,203.65,134.59,101.67,136.38,105.67,203.65,65.54,105.59
2021/02/27,80.75,80.75,80.75,80.75,80.75,80.75,80.75,115.19,80.75,79.98,79.98,79.89,70.51,70.45,68.87,80.22,83.15,104.26,196.1,202.12,199.54,124.32,106.4,196.61,202.12,68.87,108.93
2021/02/26,81.31,81.31,80.06,79.97,80.06,80.06,82.12,82.12,82.12,82.12,82.12,81.98,74.72,75.63,80.59,80.59,80.59,80.59,82.23,82.23,82.23,82.23,82.23,82.23,82.23,74.72,81.07
2021/02/25,103.15,81.63,80.05,78.21,79.7,81.63,81.63,100.73,81.49,80.32,80.32,80.32,80.32,80.32,80.32,80.32,80.32,81.82,81.82,114.93,81.82,81.82,81.82,81.82,114.93,78.21,84.52
2021/02/24,104.9,99.19,81.04,79.28,81.04,100.19,103.9,103.62,139.33,79.98,77.67,77.36,75.15,77.41,80.57,80.57,81.53,105.4,107.4,153.43,107.4,102.4,106.25,105.54,153.43,75.15,97.79
2021/02/23,81.56,81.42,81.42,78.94,79.55,81.56,81.56,81.56,81.42,79.35,77.53,76.65,74.44,77.41,77.41,80.52,81.34,100.21,155.97,140.59,136.69,104.35,106.06,105.77,155.97,74.44,93.46
2021/02/22,81.82,81.82,79.02,79.63,80.94,81.82,81.82,81.82,81.67,80.24,80.34,80.31,75.15,76.94,76.94,78.96,82.41,82.41,82.56,82.56,82.56,80.67,80.67,80.67,82.56,75.15,80.67
2021/02/21,80.64,79.94,80.64,78.71,80.64,82.81,82.81,82.81,82.67,73.7,69.38,69.03,66.46,66.46,68.41,72.42,80.8,81.86,82.59,82.74,82.74,80.97,82.74,82.74,82.81,66.46,78.27
2021/02/20,79.98,79.98,79.98,79.98,79.98,79.98,79.98,79.98,79.9,76.79,79.25,74.41,73.81,73.81,73.78,74.8,80.45,81.98,115.15,82.57,82.57,81.69,81.69,82.57,115.15,73.78,80.91
2021/02/19,80.72,80.72,80.72,80.57,80.57,80.72,80.72,114.92,80.57,80.57,79.93,79.85,79.85,79.85,79.85,81.48,81.48,104,153.43,108.56,106.71,102.86,81.62,81.62,153.43,79.85,90.14
2021/02/18,80.72,80.72,80.72,80.43,80.72,80.72,80.72,80.72,80.57,80.57,81.23,81.23,79.3,79.3,81.41,80.24,81.32,81.32,108.86,110,109.15,107.87,107.15,108.29,110,79.3,88.6
2021/02/17,80.75,80.75,79.87,79.87,79.87,79.87,82.66,82.66,82.52,82.52,81.06,80.26,79.07,79.07,79.07,79.63,81.65,81.65,81.65,81.65,81.65,81.65,81.65,81.65,82.66,79.07,81.02
2021/02/16,80.76,80.76,80.76,80.62,80.76,80.76,106.27,112.55,105.27,80.76,79.94,80.44,77.52,79.08,79.08,80.38,80.38,81.51,81.65,115.1,81.65,81.65,81.65,81.65,115.1,77.52,85.91
2021/02/15,82.09,81.94,78.77,78.16,78.77,82.09,82.09,82.09,81.94,80.7,80.7,77.83,75.12,76.94,77.34,77.83,80.51,82.08,82.08,82.08,82.08,82.08,82.08,80.51,82.09,75.12,80.5
2021/02/14,100.56,81.02,81.12,80.72,80.58,81.16,104.79,110.36,109.07,79.66,81.02,81.02,77.73,79.75,80.36,68.34,82.07,107.9,109.47,107.32,82.07,82.07,82.07,82.07,110.36,68.34,88.73
2021/02/13,81.85,81.85,80.83,81.12,81.85,82,82,112.22,110.22,81.56,76.99,66.46,80.5,80.5,79.36,82.05,81.32,104.27,137.95,143.28,145.35,104.99,105.56,104.27,145.35,66.46,96.22
2021/02/12,106.22,99.94,80.62,79.83,79.75,80.27,101.22,105.79,79.92,77.9,47.43,46.81,46.81,46.81,46.81,78.42,81.48,103.16,144.07,150.78,105.73,105.3,106.73,105.16,150.78,46.81,89.8
2021/02/11,105.38,98.96,81.08,81.17,81.17,81.17,98.96,104.24,100.39,79.06,78.62,80.9,66.63,65.54,65.54,79.85,81.65,105.11,109.25,204.25,107.39,108.82,105.25,106.96,204.25,65.54,96.86
2021/02/10,102.96,101.4,98.83,80.25,80.84,98.69,102.11,139.52,104.82,80.69,79.94,79.86,79.86,79.86,79.86,81.2,100.71,107.13,202.07,201.21,135.86,102.99,134.07,105.56,202.07,79.86,109.14
2021/02/09,102.44,80.7,80.7,80.7,80.56,80.7,102.15,107.43,104.15,80.56,80.39,80.41,79.87,79.87,79.87,81.29,81.29,106.16,200.11,201.82,196.84,104.74,105.74,104.6,201.82,79.87,106.34
2021/02/08,80.86,80.08,78.68,112.62,113.19,80.08,80.08,82.83,82.69,82.69,82.69,79.99,79.99,79.99,79.99,81.29,102.71,106.7,203.92,109.84,104.7,104.7,103.85,81.29,203.92,78.68,96.06
2021/02/07,100.81,81.38,81.23,79.47,79.47,81.38,81.38,81.38,139.15,68.87,68.87,68.87,67.65,67.65,68.87,80.52,80.52,81.91,114.3,113.87,81.91,81.18,81.72,81.91,139.15,67.65,85.32
2021/02/06,100.19,81.2,81.2,79.5,79.85,81.2,81.2,81.2,81.05,80.03,80.03,80.03,73.35,72.38,79.46,82.97,82.97,82.97,108.81,110.81,107.38,106.39,104.1,82.97,110.81,72.38,87.93
2021/02/05,103.75,100.62,99.62,99.19,99.33,98.76,101.9,106.89,99.33,80.63,79.97,79.88,79.88,79.88,79.88,81.27,81.27,101.49,203.92,147.01,105.2,147.01,106.48,138.43,203.92,79.88,106.67
2021/02/04,80.75,80.75,80.61,80.61,80.61,80.61,80.75,80.75,80.61,79.81,80,78.62,74.98,76.67,77.42,80.52,81.34,103.44,200.26,202.83,143.1,104.3,100.73,137.42,202.83,74.98,101.8
2021/02/03,80.99,80.69,80.99,79.11,80.69,80.99,105,139.15,105.57,103.57,79.9,79.82,74.97,79.27,81.17,81.17,81.17,103.23,201.87,203.76,104.79,135.22,102.94,103.51,203.76,74.97,105.15
2021/02/02,80.9,80.13,79.34,79.34,80.13,82.64,82.64,82.64,82.64,80.13,80.13,77.57,74.94,76.92,77.41,80.38,81.17,98.51,203.24,203.24,104.78,147.45,106.92,105.93,203.24,74.94,100.37
2021/02/01,81.96,77.47,80.01,78.87,79.4,81.96,81.96,81.96,115.03,81.82,81.82,81.82,81.82,80.36,80.36,80.36,82.14,82.14,153.43,113.56,82.14,82.14,81.11,80.36,153.43,77.47,88.15
2021/01/31,99.36,94.21,75.67,74.17,73.92,74.33,93.68,93.68,73.92,60.33,60.33,58.43,56.37,58.09,58.94,75.53,75.48,97.46,103.67,102.61,99.18,75.61,76.38,76.38,103.67,56.37,80.15
2021/01/30,74.86,74.86,74.86,74.86,73.3,74.86,74.86,74.86,74.73,73.95,73.95,68.66,66.91,67.31,69.58,74.8,75.99,97.02,132.36,133.68,96.63,134.56,131.48,135.88,135.88,66.91,89.66
2021/01/29,74.11,67.91,67.91,74.15,76.04,76.31,76.31,76.31,76.18,76.18,75.83,73.37,72.66,73.37,73.6,74.52,75.3,131.96,152.75,190.07,131.96,96.3,113.67,138.54,190.07,67.91,96.22
2021/01/28,75.27,75,74.19,73.43,75.27,73.59,75.27,75.41,75.27,75.27,74.08,72.31,70.21,71.47,72.32,74.79,74.79,76.72,76.72,76.72,76.72,74.79,74.71,74.79,76.72,70.21,74.59
2021/01/27,75.36,74.36,73.31,73.31,74.3,74.6,74.6,76.8,76.66,76.66,76.66,71.17,68.59,69.78,69.78,74.68,95.79,101.2,101.86,101.59,98.03,97.37,95.79,95.53,101.86,68.59,82.68
2021/01/26,75.2,75.07,96.43,74.09,73.36,75.07,75.07,75.2,75.07,75.07,74.01,71.12,69.86,71.89,71.89,74.62,75.72,75.72,75.85,75.85,75.85,75.85,74.06,75.85,96.43,69.86,75.26
2021/01/25,75.63,75.5,75.5,74.25,74.09,75.63,75.63,75.5,75.5,75.5,75.5,72.17,69.74,71.04,72,74.69,106.71,75.72,75.85,75.85,75.85,75.85,74.12,75.85,106.71,69.74,76.05
2021/01/24,75.73,75.73,75.73,75.73,75.73,75.73,75.73,75.73,75.73,72.41,74.76,74.76,72.41,72.41,72.41,74.76,76.26,76.26,76.26,76.26,76.26,74.6,76.26,76.26,76.26,72.41,75.23
2021/01/23,106.9,75.43,74.66,74.29,74.48,75.43,75.43,75.43,75.43,75.43,75.43,75.3,73.07,73.07,75.3,75.3,75.3,75.3,75.43,75.43,75.43,73.64,75.43,75.43,106.9,73.07,76.33
2021/01/22,95.75,75.27,75.27,73.15,74.13,75.27,93.38,99.18,98.12,75.27,74.13,74.05,74.05,75.19,75.19,75.19,75.19,98.89,101.79,101.66,97.83,75.33,75.33,75.33,101.79,73.15,83.5
2021/01/21,185.08,140.96,134.35,95.13,134.35,94.6,153.64,91.3,89.85,74.61,74.11,73.86,73.86,73.86,73.86,73.86,75.11,94.69,98.25,135.64,136.96,95.62,98.52,96.67,185.08,73.86,104.17
2021/01/20,129.05,96.49,92.27,90.95,90.42,93.72,93.59,135.19,137.39,91.21,74.63,74.5,71.36,73.26,74.49,74.49,75.23,95.68,145.08,148.63,97.52,130.86,96.6,97.92,148.63,71.36,100.86
2021/01/19,92.65,92.12,91.73,93.05,94.1,94.5,91.6,187.19,189.11,74.55,74.55,74.55,70.42,73.29,74.52,75.27,96.17,169.59,181.26,182.38,181.9,176.14,173.75,173.59,189.11,70.42,124.09
2021/01/18,92.74,74.13,72.84,73.32,73.32,75.58,75.31,99.51,105.97,75.45,75.45,73.97,73.97,73.97,73.97,73.97,75.46,99.02,136.99,99.68,99.68,94.67,74.1,75.59,136.99,72.84,84.95
2021/01/17,74.99,74.16,74.16,74.16,73.34,76.37,76.64,76.64,76.64,74.16,73.34,74.07,72.78,74.07,74.07,75.8,95.64,184.54,188.7,185.82,98.28,134.68,96.03,98.14,188.7,72.78,99.44
2021/01/16,75.07,75.07,74.25,73.52,73.52,74.25,74.25,76.62,76.62,76.62,76.62,68.82,66.71,69.58,68.9,74.82,75.62,99.16,100.48,98.5,94.15,75.48,75.08,75.62,100.48,66.71,78.92
2021/01/15,75.37,75.37,72.61,75.37,73.18,75.37,75.37,75.37,75.23,75.23,75.23,73.25,70.67,71.78,74.5,74.5,75.89,96.81,98.92,99.32,100.11,76.03,74.66,76.03,100.11,70.67,79.14
2021/01/14,74.88,74.75,74.75,73.99,74.34,94.73,95.39,99.21,101.32,74.75,74.75,74.75,74.75,74.75,74.75,74.75,99.5,135.01,156.99,132.37,97.65,94.62,74.75,74.75,156.99,73.99,90.6
2021/01/13,74.66,74.66,73.91,73.91,73.91,73.91,76.22,76.22,76.22,76.22,76.22,74.18,73.44,75.37,75.2,74.86,75.2,100.04,100.84,99.91,100.31,97.41,95.69,95.82,100.84,73.44,82.18
2021/01/12,74.79,74.79,74.79,74.52,73.95,74.79,74.79,98.99,104.66,98.33,97.14,75.77,74.66,75.19,84.82,74.66,97.95,99.53,148.61,135.93,97.03,96.37,93.07,96.23,148.61,73.95,91.47
2021/01/11,91.65,74.54,73.89,74.67,74.54,74.67,74.67,98.27,150.84,98.8,74.67,74.67,74.67,74.67,74.67,74.67,131.65,154.74,190.07,134.04,97.29,98.74,97.16,97.02,190.07,73.89,100.18
2021/01/10,75.14,75.14,75.14,73.67,75.14,74.87,75.14,104.26,106.64,75,75,75,72.12,75,75,93.23,134.12,136.32,155,139.27,95.87,97.72,97.45,96.27,155,72.12,94.53
2021/01/09,74.47,74.47,74.47,74.47,74.47,74.47,74.47,74.47,74.47,73.76,73.76,73.25,67.73,67.98,74.38,74.38,75.21,95.02,97.39,97.39,95.55,95.68,95.55,96.87,97.39,67.73,81.2
2021/01/08,74.66,73.88,73.88,73.56,73.88,73.88,76.18,76.18,105.32,103.47,76.04,73.8,73.8,73.8,73.8,75.2,101.67,100.75,102.2,98.64,97.32,74.92,75.2,75.2,105.32,73.56,83.36
2021/01/07,74.74,73.85,73.85,73.6,73.85,73.85,73.85,76.52,76.52,76.52,76.52,73.85,73.85,73.85,75.25,75.25,75.25,100.77,102.62,99.06,98.93,95.23,75.25,75.25,102.62,73.6,80.82
2021/01/06,75.02,75.02,74.74,72.63,74.74,75.02,75.02,75.02,103.06,103.45,73.93,73.93,73.93,73.93,73.93,75.54,75.54,97.43,100.86,100.73,98.09,75.54,75.41,75.54,103.45,72.63,82.06
2021/01/05,74.43,74.43,95.19,94.4,95.19,74.43,74.43,74.43,97.57,74.3,73.89,73.89,73.89,73.89,73.89,73.89,75.16,75.16,103.48,104.93,102.43,75.16,74.62,75.16,104.93,73.89,81.97
2021/01/04,75.83,73.28,72.55,71.9,72.39,75.69,76.37,100.84,105.85,76.37,75.15,75.06,75.06,75.06,75.06,75.06,95.99,122.77,151.19,142.06,97.17,98.23,92.16,75.16,151.19,71.9,90.73
2021/01/03,94.02,75.01,94.41,96.52,96,94.28,152.66,94.94,140.47,70.95,74.88,74.74,62.03,73.39,74.74,94.39,116.26,185.74,188.14,186.54,131.79,96.77,134.24,97.16,188.14,62.03,110.85
2021/01/02,74.89,95.84,74.89,73.56,73.69,74.89,74.89,94.26,74.89,73.48,74.29,72.43,74.21,72.43,74.21,75.37,96.38,100.47,150.84,101.66,97.96,97.83,95.06,75.51,150.84,72.43,86.58
2021/01/01,75.25,75.25,73.91,73.91,75.25,75.25,75.25,74.42,75.12,75.12,75.12,70.78,63.31,64.52,74.61,73.72,74.61,75.18,75.18,75.18,75.18,75.18,75.18,75.18,75.25,63.31,73.98
2020/12/31,69.74,69.74,69.74,69.74,69.74,69.74,93.5,71.63,97.48,96.49,71.63,71.5,69.66,69.66,69.66,69.66,70.81,70.81,99.75,98.88,70.93,70.93,70.3,70.93,99.75,69.66,76.42
2020/12/30,69.86,69.86,69.86,63.18,63.18,63.23,71.5,71.95,71.95,71.95,71.95,68.21,67.41,68.2,69.1,70.94,70.94,70.94,70.94,70.94,70.94,70.94,70.94,70.94,71.95,63.18,69.73
2020/12/29,70.25,92.92,91.56,89.94,90.06,91.31,69.74,70.25,91.18,70.25,70.25,70.25,70.25,70.25,70.25,70.25,70.25,70.25,70.25,70.25,69.73,69.73,69.73,69.73,92.92,69.73,74.96
2020/12/28,70.51,70.51,70,70,70,70.51,70.51,70.51,70.51,70.51,70.51,69.76,69.76,69.76,70.68,70.68,93.9,96.01,95.89,93.9,91.54,92.28,70.68,70.68,96.01,69.76,76.83
2020/12/27,70.65,70.65,70.65,70.26,70.26,70.26,70.65,70.65,70.65,70.65,70.65,70.52,68.81,68.81,70.52,70.26,70.52,70.52,97.95,97.5,70.65,70.26,70.65,96.49,97.95,68.81,74.01
2020/12/26,91,70.63,70.11,70.11,70.11,70.63,70.63,91.5,91.25,70.37,69.42,69.96,67.28,69.96,69.42,71.24,71.24,96.57,97.44,95.95,92.96,70.99,71.37,71.37,97.44,67.28,77.59
2020/12/25,70.37,70.37,70.37,69.86,69.86,70.37,70.37,70.37,70.37,70.37,69.86,69.78,68.64,69.78,69.78,70.77,70.77,93.11,92.49,133.45,133.88,93.24,92.74,92.37,133.88,68.64,80.81
2020/12/24,70.27,70.27,70.27,70.27,70.27,70.27,70.27,70.27,70.27,70.27,70.27,70.29,68.95,69.25,69.64,70.34,95.87,70.82,97.98,97.11,70.82,70.82,70.82,70.82,97.98,68.95,74
2020/12/23,91.28,87.68,69.79,69.79,69.79,70.21,87.3,88.67,93.27,91.16,70.59,69.64,69.64,69.64,70.78,70.78,130.45,133.03,188.06,130.88,89.76,91.25,92.87,90.01,188.06,69.64,92.78
2020/12/22,87.87,69.98,69.98,69.98,69.98,70.49,70.49,91.68,96.66,95.29,70.36,69.76,69.76,69.76,70.8,86.27,91.49,150.93,92.98,91.49,137.02,92.61,93.23,89.38,150.93,69.76,87.38
2020/12/21,70.38,70.38,69.87,69.87,69.87,70.38,70.38,89.81,96.4,95.53,70.25,70.25,70.25,70.25,70.25,89.73,131.79,148.29,151.77,92.46,89.73,123.93,91.47,92.59,151.77,69.87,90.6
2020/12/20,88.77,89.89,88.14,87.02,88.52,90.14,91.01,90.63,89.64,69.73,69.91,70.3,67.23,69.91,70.17,70.27,89.2,91.82,92.44,92.19,92.94,91.94,91.32,93.19,93.19,67.23,84.92
2020/12/19,70.65,70.65,70.65,69.81,69.66,70.65,70.65,70.65,70.65,69.81,66.57,66.57,62.91,62.91,64.06,70.31,70.74,88.71,94.56,94.94,91.7,91.33,92.07,93.69,94.94,62.91,76.33
2020/12/18,86.7,70.29,70.29,70.29,70.29,70.29,70.29,90.07,135.07,95.04,70.17,70.17,70.17,70.17,70.17,70.17,93.4,95.64,95.64,92.91,91.17,70.17,70.17,70.17,135.07,70.17,81.11
2020/12/17,70.39,70.39,70.39,69.77,69.77,70.39,70.39,91.14,97.73,95.49,70.26,70.26,70.26,70.26,70.26,89.14,90.88,92.62,136.65,91.25,142.12,136.65,92.87,92.87,142.12,69.77,88.6
2020/12/16,70.33,70.33,70.33,69.55,69.78,70.33,70.33,70.33,187.21,183.12,70.33,70.2,70.2,70.2,70.2,129.96,114.34,182.35,183.93,180.78,131.73,70.33,131.73,100.18,187.21,69.55,108
2020/12/15,70.4,70.4,70.4,69.71,69.76,69.76,70.4,137.48,138.79,137.87,70.27,70.27,70.27,70.27,70.27,133.36,133.73,133.92,187.09,134.41,134.01,132.81,133.6,132.93,187.09,69.71,107.06
2020/12/14,70.01,70.01,68.25,67.18,70.01,70.01,71.59,71.59,71.59,71.59,71.59,70.01,70.01,70.01,70.81,70.81,70.81,141.05,143.03,70.81,70.81,133.66,70.81,70.81,143.03,67.18,80.14
2020/12/13,70.52,70.14,70.52,70.07,70.52,70.52,70.52,70.52,70.01,70,70,69.92,69.69,69.92,69.92,71.29,71.29,71.29,71.42,71.42,71.42,71.42,70,70,71.42,69.69,70.55
2020/12/12,70.63,70.63,69.75,69.82,70.63,70.25,70.63,70.63,70.63,69.82,64.93,63.59,62.17,62.87,63.95,70.45,71.55,90.99,94.98,96.72,95.72,92.36,71.29,71.68,96.72,62.17,74.8
2020/12/11,70.3,91.97,70.3,70.3,89.86,92.22,70.3,70.3,70.3,70.3,69.72,69.72,69.72,69.72,70.82,70.82,95.04,96.16,135.24,96.54,92.31,91.81,70.82,70.82,135.24,69.72,81.57
2020/12/10,70.44,69.93,91.12,69.81,70.44,70.44,70.44,70.44,70.31,70.31,69.74,69.01,67.39,70.7,70.7,70.7,94.21,93.59,134.9,94.83,92.6,93.22,89.24,87.75,134.9,67.39,81.13
2020/12/09,70.51,70.51,70.51,69.72,70.51,70.13,70.51,70.51,100.52,70.51,69.8,69.8,69.8,69.8,69.8,70.77,91.95,134.76,141.23,134.76,91.2,91.08,91.82,90.58,141.23,69.72,85.82
2020/12/08,70.43,70.43,70.04,69.85,70.43,70.43,70.43,70.43,70.43,70.43,69.85,69.77,69.77,69.77,69.77,70.85,70.85,93.83,95.2,94.83,91.59,92.84,90.23,89.85,95.2,69.77,77.56
2020/12/07,70.38,70.38,89.16,69.89,70.38,89.78,70.38,70.38,96,70.25,69.81,69.73,69.73,69.73,69.73,70.85,70.85,93.11,95.84,96.34,95.09,91.49,70.98,70.98,96.34,69.73,78.46
2020/12/06,70.57,70.57,90.59,70.57,89.72,70.57,70.57,70.57,70.44,68.73,70.44,62.33,62.3,70.35,70.35,71.07,71.07,93.9,96.39,96.01,95.14,93.4,90.91,89.54,96.39,62.3,78.83
2020/12/05,70.48,70.48,70.48,69.81,69.97,70.48,70.48,70.48,70.36,70.36,70.36,63.68,62.98,70.27,70.27,70.77,89.93,94.04,97.03,95.66,93.29,94.91,92.42,90.81,97.03,62.98,78.3
2020/12/04,70.53,70.53,69.81,69.81,70.53,70.53,70.53,70.53,70.4,70.4,69.74,69.95,67.33,68.84,70.31,70.77,70.77,91.04,94.27,94.77,95.89,92.9,70.77,70.77,95.89,67.33,75.85
2020/12/03,70.72,70.72,69.89,69.28,70.59,70.72,70.72,70.72,70.72,70.72,69.75,68.72,66.45,68.72,70.32,70.92,135.07,94.34,95.96,93.84,92.35,71.04,71.04,71.04,135.07,66.45,77.74
2020/12/02,70.61,70.61,70.49,69.78,70.61,70.61,70.61,70.61,70.61,70.61,69.85,69.78,69.78,69.78,70.89,70.89,96.99,97.36,96.74,71.01,71.01,71.01,71.01,71.01,97.36,69.78,74.32
2020/12/01,69.96,69.96,69.96,69.96,72.15,72.15,72.15,72.15,72.03,100.77,68.69,69.93,66.53,70.3,71.14,71.14,92.4,123.76,136.19,134.2,144.64,90.78,91.15,88.3,144.64,66.53,87.66
2020/11/30,53.48,56.2,55.52,55.61,57.08,57.37,53.48,77.48,53.48,53.48,53.48,49.2,48.46,57.23,57.23,57.23,57.23,72.24,73.85,72.99,70.82,55.96,55.87,53.8,77.48,48.46,59.09
2020/11/29,53.81,53.81,53.81,53.13,53.28,54.3,54.3,54.3,53.34,53.28,47.63,48.1,47.51,47.51,53.84,53.84,53.84,55.45,55.45,55.45,55.45,55.45,53.84,53.84,55.45,47.51,53.18
2020/11/28,54.36,53.87,53.87,52.76,53.19,54.36,54.36,54.36,54.26,54.26,53.96,53.96,52.26,53.08,53.9,53.96,53.96,54.26,54.75,54.85,54.85,54.85,54.85,54.85,54.85,52.26,54.12
2020/11/27,54.3,53.61,52.6,53.13,53,54.3,54.3,54.3,54.2,54.2,54.2,53.41,53.41,53.41,53.41,54.78,54.78,54.78,55.27,55.36,55.36,53.41,53.41,53.41,55.36,52.6,54.07
2020/11/26,54.3,54.3,54.3,53.46,54.3,53.81,54.3,54.3,77.81,54.2,54.2,54.01,52.59,71.52,53.29,71.8,72.27,71.8,71.14,71.14,71.61,69.72,55.92,55.83,77.81,52.59,61.54
2020/11/25,54.51,54.51,52.94,52.94,53.34,54.51,72.32,54.51,54.42,53.34,53.34,53.34,53.34,53.34,54.6,54.6,70.99,73.35,74.58,73.26,70.52,70.42,54.6,54.6,74.58,52.94,59.78
2020/11/24,53.32,68.62,68.33,67.67,68.43,68.15,200.2,53.32,53.26,53.26,53.26,53.26,53.26,53.26,53.26,69.14,193.69,197.17,222.95,197.17,187.15,188.95,179.6,69.43,222.95,53.26,108.93
2020/11/23,54.05,52.77,52.6,52.71,53.82,76.29,54.05,74.3,54.05,54.05,54.05,50.14,48.39,50,53.78,53.78,53.78,71.11,208.82,72.33,70.16,70.07,70.35,68.65,208.82,48.39,66.94
2020/11/22,65.16,186.3,202.73,68.57,179.03,202.73,202.73,202.73,67.81,53.6,53.6,52.9,52.08,52.49,53.54,53.54,53.54,53.54,53.6,53.6,53.6,53.6,53.6,53.6,202.73,52.08,89.44
2020/11/21,53.58,71.04,53.58,53.52,67.64,68.39,71.89,67.45,53.52,53.52,53.52,53.23,51.88,53.11,53.23,67.46,68.98,192.06,198.47,199.76,194.62,184.93,186.8,183.07,199.76,51.88,102.93
2020/11/20,68.43,53.84,53.43,52.96,53.02,53.84,77.66,53.84,53.72,53.72,51.34,49.35,48.48,49.35,53.92,53.92,70.53,69.87,201.3,69.59,68.36,69.78,68.17,68.17,201.3,48.48,66.72
2020/11/19,53.69,53.69,53.69,52.99,53.4,53.69,53.69,53.69,53.58,53.58,53.58,53.52,53.52,53.52,53.52,74.53,74.25,53.52,53.58,53.58,53.58,53.58,73.97,74.35,74.53,52.99,57.17
2020/11/18,70.62,53.33,68.83,53.63,53.33,53.63,53.63,53.63,53.51,53.51,49.64,49.64,49.28,49.64,52.7,54.18,54.18,54.18,54.24,54.24,54.24,54.24,54.24,54.24,70.62,49.28,54.47
2020/11/17,67.06,68.29,68.57,194.82,205.19,66.02,179.27,236.31,67.91,53.48,53.48,53.36,53.36,53.36,53.36,53.36,74.91,53.36,72.26,72.93,72.17,53.48,53.48,74.34,236.31,53.36,84.51
2020/11/16,205.05,69.46,67.19,66.53,66.53,68.61,204.42,209.21,68.97,65.2,65.86,53.33,65.39,67.47,68.8,193.87,68.61,67.86,200.41,202.75,193.4,211.04,68.61,65.3,211.04,53.33,114.89
2020/11/15,198.81,70.32,69.66,68.43,70.98,188.07,192.74,188.53,53.44,53.39,53.62,52.57,52.16,211.04,53.44,53.39,69.18,64.92,69.94,69.37,70.03,67.38,69.09,69.37,211.04,52.16,90.41
2020/11/14,75.44,54.27,54.27,52.63,52.91,54.27,54.66,54.66,54.47,53.74,53.74,53.45,51.81,52.63,53.56,53.88,54.47,54.47,55.44,55.44,54.76,54.76,54.76,54.76,75.44,51.81,55
2020/11/13,71.83,54.53,54.05,53.08,54.14,53.56,54.53,54.53,53.49,77.53,51.17,49.57,48.56,49.57,53.79,54.47,54.47,54.47,54.86,54.86,54.86,54.86,54.86,54.86,77.53,48.56,55.32
2020/11/12,70.65,53.52,53.59,53.3,53.3,54.47,54.47,76.95,54.37,53.52,53.52,53.34,52.29,54.66,54.66,54.66,54.66,73.41,75.49,74.07,73.5,54.96,54.96,54.96,76.95,52.29,59.58
2020/11/11,54.65,54.65,53.48,52.8,53.16,54.65,54.65,53.63,53.57,49.53,49.46,49.46,48.47,50.53,53.78,54.56,54.56,73.56,74.69,73.27,72.71,54.85,54.85,54.85,74.69,48.47,56.93
2020/11/10,54.54,53.56,53.47,52.59,53.56,54.54,54.54,54.54,77.64,49.41,49.41,49.41,52.7,54.85,54.85,54.85,54.85,54.85,55.14,55.14,55.14,55.14,55.14,55.14,77.64,49.41,54.83
2020/11/09,55.62,53.77,53.77,52.4,53.08,55.52,54.45,55.62,53.91,53.91,50.86,50.86,48.41,49.25,53.83,53.83,55.1,55.3,75.6,55.49,55.49,55.49,55.49,55.49,75.6,48.41,54.85
2020/11/08,76.79,74.33,53.76,53.36,53.53,55.34,56.41,56.41,56.41,47.01,47.98,47.48,47.12,47.99,47.39,47.54,53.98,53.98,55.08,55.08,55.08,55.08,55.08,55.08,76.79,47.01,54.63
2020/11/07,54.81,54.13,54.13,53.45,53.45,54.13,54.81,54.91,54.71,53.6,47.94,47.03,46.63,47.03,47.03,54.05,54.68,75.87,74.92,55.95,55.95,54.78,54.78,54.78,75.87,46.63,55.09
2020/11/06,54.57,53.77,53.5,53.36,53.77,54.57,54.57,54.57,54.18,53.54,53.54,53.3,53.3,53.3,53.3,54.82,73.45,54.82,55.21,55.21,55.21,55.21,75.53,74.58,75.53,53.3,56.96
2020/11/05,54.43,53.26,53.85,53.41,53.26,54.43,54.43,77.91,54.34,53.35,53.3,49.4,48.51,54.55,54.55,54.55,54.55,54.55,75.07,75.26,55.14,55.14,55.14,55.14,77.91,48.51,56.96
2020/11/04,54.58,54.58,52.96,53.37,53.67,54.58,54.34,54.58,53.61,53.61,49.27,49.23,48.39,49.23,54.05,54.53,54.53,54.53,74.58,74.58,54.72,54.72,54.72,54.72,74.58,48.39,55.46
2020/11/03,54.89,53.95,53.13,52.9,54.5,53.95,54.89,54.89,53.95,52.53,51.98,48.58,48.58,48.58,49.07,54.15,54.15,55.05,55.05,55.05,55.05,55.05,55.05,55.05,55.05,48.58,53.44
2020/11/02,54.94,52.58,53.8,53.69,53.45,53.87,54.04,54.94,54.75,54.75,54.75,54.65,52.99,54.65,54.65,54.65,54.65,54.65,54.75,54.75,54.75,54.75,54.75,54.75,54.94,52.58,54.41
2020/11/01,54.84,53.99,54.84,53.41,53.17,54.84,54.84,54.84,54.55,52.4,46.56,46.15,46.15,53.86,54.56,54.56,73.12,54.87,55.17,55.17,55.17,55.17,76.34,74.35,76.34,46.15,56.23
2020/10/31,54.75,54.75,54.36,54.36,54.14,54.75,54.75,54.75,54.55,53.91,54.03,47.86,47.57,53.97,55.25,55.25,75.12,55.25,55.54,55.54,55.54,55.54,55.54,76.08,76.08,47.57,56.14
2020/10/30,55,54.61,55.13,54.89,55.13,55.13,55.13,55.13,55.13,55.13,50.44,49.84,49.09,49.84,54.56,54.88,54.88,54.88,55.28,55.28,55.28,55.28,55.28,55.28,55.28,49.09,54.21
2020/10/29,54.96,54.96,53.88,73.06,53.88,54.96,54.96,54.96,54.96,49.97,49.97,49.97,49.04,49.96,55.03,55.03,55.03,74.11,76.3,74.87,55.32,55.32,55.32,72.96,76.3,49.04,58.23
2020/10/28,185.2,72.15,183.13,186.23,185.61,179.21,182.72,186.65,183.75,54.71,54.71,54.41,53.23,54.41,72.15,54.41,199.13,189.02,195.55,193.68,194.15,54.71,54.71,197.04,199.13,53.23,134.03
2020/10/27,182.53,71.9,183,178.8,178.8,168.58,204.88,204.88,194.51,54.68,54.68,54.38,53.89,54.38,54.38,54.38,206.89,185.18,192.24,214.3,189.91,193.11,182.38,200.15,214.3,53.89,147.13
2020/10/26,72.45,192.5,189.2,189.61,190.02,194.36,188.37,54.98,54.68,54.68,54.68,54.48,53.2,54.48,54.48,216.89,216.89,180.59,190.49,190.49,199.39,185.29,182.96,190.43,216.89,53.2,143.22
2020/10/25,72.96,55.09,201.76,54.89,73.15,220.27,72.86,73.06,54.79,54,54.79,53.31,53.31,54,54.6,54.6,54.6,202.41,54.79,54.79,54.79,54.79,197.48,197.95,220.27,53.31,88.86
2020/10/24,55.72,55.32,55.52,55.52,54.93,55.53,55.72,55.72,55.41,55.41,55.41,48.3,48.27,48.56,49.27,56.73,56.73,56.73,56.93,76.62,77,54.85,56.44,56.44,77,48.27,56.76
2020/10/23,54.44,54.44,54.2,54.2,54.44,54.44,54.44,54.44,75.81,67.52,50.28,50.27,50.11,50.26,54.7,54.7,55.13,55.13,55.23,55.23,55.23,55.23,55.23,55.23,75.81,50.11,55.45
2020/10/22,55.27,55.27,54.68,54.39,54.57,55.27,55.27,55.27,55.07,55.07,55.07,54.39,54.39,54.39,54.39,55.71,55.71,55.71,55.91,55.91,55.91,55.91,55.91,55.91,55.91,54.39,55.26
2020/10/21,55.26,55.26,54.08,54.08,54.08,55.26,55.06,55.26,54.97,54.97,54.97,54.77,54.77,54.77,54.77,54.77,54.77,77.03,54.97,202.22,54.97,54.97,54.97,77.05,202.22,54.08,63.82
2020/10/20,55.28,55.28,54.37,53.84,54.49,55.28,55.28,55.28,54.89,54.26,54.26,54.14,49.11,55.22,55.22,55.22,55.22,55.22,55.41,55.41,55.41,55.41,55.41,55.41,55.41,49.11,54.79
2020/10/19,54.71,54.03,54.56,54.03,54.03,54.8,55.4,55.8,55.4,55.4,55.4,49.96,49.14,54.74,54.74,55.14,55.14,55.14,77.01,55.44,55.44,55.44,55.44,55.44,77.01,49.14,55.71
2020/10/18,55.02,55.02,55.02,54.35,54.59,55.02,55.02,55.02,54.72,53.23,54.35,53.52,54.23,54.23,54.23,55.31,55.31,76.32,55.6,55.6,55.6,55.6,55.6,55.6,76.32,53.23,55.87
2020/10/17,55.13,55.13,54.74,54.19,54.19,55.13,55.13,55.13,54.84,54.25,54.25,54.13,47.57,55.33,55.33,55.33,55.33,55.33,55.52,55.52,55.52,55.52,76.17,55.52,76.17,47.57,55.67
2020/10/16,55.1,55.1,54.01,53.95,54.36,55.1,55.1,55.1,54.9,54.9,54.9,54.8,54.8,54.8,54.8,54.8,54.8,54.8,54.9,54.9,54.9,54.9,54.9,54.9,55.1,53.95,54.82
2020/10/15,55.21,55.21,54.25,54.43,54.81,55.08,55.21,55.21,54.25,54.25,54.25,54.07,49.1,55.15,55.15,55.15,55.15,55.15,55.45,55.45,55.45,55.45,199.93,55.45,199.93,49.1,61.15
2020/10/14,55.67,54.88,54.19,54.02,54.19,55.57,55.67,55.67,55.47,52.67,49.92,49.92,49.16,49.92,54.95,55.37,55.37,55.37,55.47,55.47,55.47,55.47,55.47,55.47,55.67,49.16,54.22
2020/10/13,55.68,55.68,54.99,54.35,54.35,55.68,54.77,54.77,54.65,49.95,49.99,49.93,49.22,50.27,51,55,55.35,55.35,55.55,55.55,55.55,55.55,55.55,55.55,55.68,49.22,53.94
2020/10/12,55.55,55.25,54.86,54.37,54.17,54.66,56.04,56.04,55.85,54.84,54.84,54.73,54.67,54.73,55.51,55.51,55.51,55.51,55.71,55.71,55.71,55.71,55.71,76,76,54.17,56.18
2020/10/11,55.11,55.11,55.28,55.28,55.11,55.28,55.28,55.28,54.99,53.58,54.99,54.02,53.58,54.4,55.85,55.85,55.85,55.85,56.04,56.04,56.04,75.34,221.04,56.04,221.04,53.58,63.43
2020/10/10,54.66,56.87,56.87,56.38,55.69,56.87,56.87,56.39,56.27,56.27,56.27,48.31,47.27,55.5,55.7,55.7,55.7,55.7,55.79,55.79,55.79,55.79,55.79,77.05,77.05,47.27,56.26
2020/10/09,56.03,56.03,55.51,54.75,54.75,56.03,56.03,56.03,55.83,55.83,55.83,55.63,48.85,49.05,55.16,55.16,55.16,55.16,55.27,55.27,55.27,55.27,55.27,55.27,56.03,48.85,54.95
2020/10/08,55.03,55.03,55.03,54.46,54.46,54.46,54.46,54.46,54.35,51.72,51.7,50.43,49.63,50.39,50.96,55.45,55.45,55.45,55.57,55.57,55.57,55.57,56.39,56.39,56.39,49.63,54.12
2020/10/07,55.13,55.13,55.13,54.54,54.4,55.13,55.13,55.13,54.35,54.35,54.35,50.84,50.35,51.51,52.08,54.96,55.41,55.41,55.6,55.6,55.6,55.6,55.6,55.6,55.6,50.35,54.45
2020/10/06,54.99,54.99,54.89,54.89,54.89,54.99,54.99,54.99,54.38,51,51.81,50.99,50.23,51.8,53.83,54.96,55.3,55.3,55.5,55.5,55.5,55.5,55.5,55.5,55.5,50.23,54.24
2020/10/05,55.44,54.06,54.06,54.06,54.06,55.44,56.82,56.82,56.62,55.04,55.04,54.98,54.98,54.98,54.98,54.98,76.17,55.39,55.49,55.49,55.49,55.49,55.49,55.49,76.17,54.06,56.23
2020/10/04,56.4,55.21,55.21,54.03,53.84,54.62,55.21,55.9,56.2,56.2,54.89,54.83,54.83,54.83,54.83,55.79,55.79,55.79,55.88,55.88,55.88,55.88,55.88,55.88,56.4,53.84,55.46
2020/10/03,55.61,55.02,55.12,54.54,54.13,54.54,54.82,55.41,55.41,55.41,55.02,55.31,55.31,55.31,55.31,55.31,55.31,55.31,55.41,55.41,55.41,55.41,55.41,55.41,55.61,54.13,55.22
2020/10/02,55.51,56.1,54.13,54.82,54.63,54.99,56.1,56.1,55.81,54.81,54.81,54.69,55.81,55.81,55.81,55.81,55.81,55.81,56.01,56.01,56.01,56.01,202.35,56.01,202.35,54.13,62.06
2020/10/01,56.07,56.07,56.07,54.79,54.81,54.79,56.07,56.07,55.68,53.41,54.1,47.33,55.08,55.14,55.14,55.66,55.66,55.66,202.22,55.85,55.85,55.85,55.85,55.85,202.22,47.33,61.89
2020/09/30,61.45,62.58,62.2,62.16,61.64,62.53,62.8,62.2,61.45,60.75,49.34,49.34,61.3,49.34,49.34,49.74,63.43,85.18,85.18,85.18,85.18,63.65,63.65,62.88,85.18,49.34,63.83
2020/09/29,61.49,62.4,60.78,60.07,60.34,60.67,62.4,62.4,62.18,62.18,62.18,61.96,61.49,61.96,61.96,61.96,61.96,61.96,62.18,62.18,62.18,62.18,84.06,61.39,84.06,60.07,62.75
2020/09/28,60.42,50.16,61,62.46,62.15,62.79,60.91,63.23,63.01,55.1,55.1,55.1,55.05,55.27,62.11,62.11,62.95,62.95,63.17,63.17,63.17,63.17,202.63,63.17,202.63,50.16,66.4
2020/09/27,62.91,61.5,62.2,62.2,62.41,63.05,62.91,50.02,49.8,49.8,49.8,49.8,49.8,49.8,50.02,50.13,62.25,88.13,63.11,63.11,63.11,63.11,85.78,63.11,88.13,49.8,60.28
2020/09/26,85.68,62.02,61.74,60.61,60.77,60.99,61.41,62.02,61.29,61.29,61.29,61.16,52.04,63.37,62.66,63.37,63.37,63.37,63.37,63.37,63.37,62.66,63.84,63.37,85.68,52.04,62.9
2020/09/25,61.99,61.08,61.66,60.91,60.9,61.78,61.99,61.99,60.79,56.93,56.92,56.92,56.65,56.91,61.65,62.24,62.24,62.24,62.46,62.46,62.46,62.46,62.46,62.46,62.46,56.65,60.83
2020/09/24,62.98,63.08,60.16,59.67,50.73,60.16,62.98,63.08,61.55,61.55,61.55,61.48,61.48,61.48,61.48,62.38,62.38,62.38,62.49,62.49,62.49,62.49,234.73,62.49,234.73,50.73,68.88
2020/09/23,63.63,61.42,60.71,60.71,60.71,60.93,62.01,63.63,61.98,61.98,61.98,61.72,61.72,61.72,61.72,62.65,62.65,62.65,63.09,63.09,63.09,63.09,63.09,63.09,63.63,60.71,62.26
2020/09/22,62.97,60.87,61.57,60.87,60.87,61.12,61.46,62.97,61.79,61.79,61.79,61.66,61.66,61.66,61.66,62.96,62.96,62.96,63.18,63.18,63.18,63.18,63.18,63.18,63.18,60.87,62.25
2020/09/21,60.55,60.55,62.1,61.26,61.25,61.68,62.76,62.76,61.22,61.22,61.22,61.08,61.08,61.08,61.08,61.99,61.99,61.99,213.24,218.43,62.21,62.21,62.21,192.5,218.43,60.55,81.51
2020/09/20,177.01,200.24,62.15,62.08,61.97,62.08,63.69,62.39,60.18,50.16,60.67,60.67,60.43,60.87,61.3,61.84,63.05,224.42,63.05,63.63,63.05,63.05,63.05,63.52,224.42,50.16,78.94
2020/09/19,170.93,199.94,62,61.23,61.23,62,81.38,62,61.67,61.67,61.67,61.45,60.36,61.45,61.45,198.16,209.86,189.86,189.86,197.27,199.28,203.46,187.71,183.77,209.86,60.36,126.47
2020/09/18,200.22,62.09,60.68,61.33,60.46,60.86,62.09,62.19,61.97,82.16,82.37,213.86,197.57,182.75,208.68,183.83,185.93,190.62,185.93,187.81,184.6,179.61,182.42,182,213.86,60.46,144.01
2020/09/17,62.06,81.49,61.24,60.88,60.61,81.06,62.06,62.06,182.93,183.14,183.76,184.8,185.21,185.42,199.11,186.04,184.18,207.28,192.44,192.44,194.98,200.59,192.17,190.77,207.28,60.61,155.88
2020/09/16,200.36,207.77,61.37,80.8,62,80.8,62.11,202.65,80.69,183.95,185.82,61.45,190.02,178.96,179.14,182.24,189.09,202.94,191.08,202.94,191.56,187.22,180.01,180.29,207.77,61.37,159.45
2020/09/15,182.15,176.07,210.75,61.53,61.42,200.38,61.97,61.97,61.75,61.75,80.83,61.42,61.42,183.42,182.06,185.4,192.37,210.15,192.37,193.85,186.73,181.65,180.42,211.36,211.36,61.42,145.29
2020/09/14,196.23,80.52,79.77,78.49,78.27,79.13,81.48,81.16,77.31,77.53,61.59,61.48,61.48,77.31,80.62,177.71,184.09,208.22,188.6,203.77,185.99,185.19,183.53,178.24,208.22,61.48,125.75
2020/09/13,198.97,79.31,77.71,76.85,76.32,76.32,75.89,61.98,60.73,60.5,61.87,61.54,61.54,61.54,61.54,77.43,78.39,198.2,201.72,210.6,201.72,79.25,201.72,79.35,210.6,60.5,106.29
2020/09/12,77.76,78.5,76.9,77.54,77.44,77.86,78.08,76.16,74.24,76.37,61.66,74.24,75.84,77.97,75.84,179.83,199.34,189.55,197.78,205.3,190.27,189.55,181.68,185.91,205.3,61.66,122.13
2020/09/11,201.02,75.91,76.34,75.38,75.38,75.8,74.84,78.04,202.37,76.98,76.98,76.02,76.34,74.2,78.04,77.94,191.02,198.37,194.24,207.25,190.31,186.97,183.62,179.88,207.25,74.2,128.38
2020/09/10,75.97,75.86,75.75,61.78,61.09,61.09,76.18,75.97,61.89,61.89,61.89,61.56,61.56,77.35,199.61,196.41,182.46,188.74,188.74,189.68,184.82,198.33,184.35,184.97,199.61,61.09,124.55
2020/09/09,77.5,76.33,62,61.66,61.57,76.01,62,62.44,62,62,62,61.78,61.78,78.67,78.46,192.12,80.17,196.7,215.74,205.37,182.6,183.4,181.06,79.31,215.74,61.57,109.27
2020/09/08,79.61,78.43,75.87,61.73,60.97,60.64,62.47,62.47,62.03,62.03,62.03,61.7,76.73,77.37,210.04,178.23,184.24,196.02,225.6,202.63,196.02,179.97,177.77,174.03,225.6,60.64,125.68
2020/09/07,63.04,50.91,50.45,50.45,50.45,50.71,63.04,63.04,62.6,62.6,62.6,62.38,62.38,62.38,76.88,79.76,79.01,196.82,80.72,209.98,209.98,79.23,79.87,80.51,209.98,50.45,85.71
2020/09/06,198.68,196.12,78.05,77.63,194.19,76.67,77.73,75.17,74.32,60.89,61.6,61.6,61.67,61.54,62.23,62.23,62.23,62.23,62.56,86.3,62.56,62.56,61.6,62.56,198.68,60.89,81.88
2020/09/05,78.72,76.58,74.35,61.76,61.19,61.19,62.47,61.19,61.19,77.54,76.69,75.63,77.54,174.41,183.29,186.5,194.67,187.99,196.34,200.75,189.66,193,182.29,175.48,200.75,61.19,127.62
2020/09/04,78.29,76.16,62.08,61.14,60.71,62.08,62.55,62.55,62.11,75.52,75.2,78.19,77.65,79.15,194.58,182.59,184.99,196.54,198.76,206.17,186.32,186.32,179.67,180.32,206.17,60.71,125.57
2020/09/03,62.32,61.87,50.81,50.64,50.61,50.81,61.73,61.73,62.51,62.51,62.7,62.48,62.48,62.48,62.48,76.76,183.3,203.52,191.66,211.66,191.66,186.11,183.39,184.54,211.66,50.61,109.31
2020/09/02,62.83,62.83,61.37,60.45,50.56,61.03,63.08,63.08,76.29,78.74,77.25,77.67,78.21,202.43,196.65,79.17,79.49,198.13,198.13,214.43,78.42,76.07,62.75,62.75,214.43,50.56,102.28
2020/09/01,75.44,76.4,62.03,61.54,60.68,61.08,62.98,75.12,76.29,210.96,78.64,200.58,206.51,181.34,182.06,189.83,196.04,197.71,197.71,204.27,189.83,183.18,183.54,77.78,210.96,60.68,146.33
2020/08/31,89.09,71.24,90.2,88.6,87.25,87.99,89.34,70.24,71.83,88.11,89.21,88.48,90.07,170.78,182.06,193.51,205.08,197.61,198.95,201.32,201.96,198.95,198.95,190.37,205.08,70.24,141.98
2020/08/30,54.55,206.15,201.64,200.14,198.64,202.91,88.76,71.54,53.26,53.42,54.87,70.76,71.54,72.32,70.73,89.47,177.2,188.41,201.29,204.94,201.52,190.27,176.53,90.21,206.15,53.26,133.43
2020/08/29,88.08,72.54,54.39,88.57,86.97,88.45,54.39,71.01,85.75,87.84,90.29,89.56,210.05,195.69,89.06,174.01,200.95,185.63,194.75,201.46,195.59,194.75,177.72,179.65,210.05,54.39,137.16
2020/08/28,72.41,72.41,58.42,89.98,89.24,90.35,72.41,72.41,88.14,90.35,89.24,90.6,86.67,88.63,89.49,179.64,182.52,202.31,202.31,197.27,186.56,219.3,173.93,90.96,219.3,58.42,124.02
2020/08/27,71.29,59.61,100.37,56.77,56.77,56.77,61.77,73.04,72.66,72.66,72.66,72.47,72.47,72.47,91.35,174.08,200.42,198.03,192.62,201.45,201.02,177.27,188.43,92.33,201.45,56.77,117.58
2020/08/26,73.22,73.22,57.77,56.82,71.58,73.02,60.62,73.02,72.79,72.79,72.79,93.21,72.56,72.56,72.56,72.56,94.56,94.81,93.95,93.95,92.23,72.79,72.79,72.79,94.81,56.82,77.41
2020/08/25,72.78,70.31,56.86,88.8,72.53,88.68,61.44,72.78,87.58,72.28,90.16,89.17,71.9,89.79,90.4,185.26,188.62,197.02,190.3,199.54,198.35,193.86,90.65,87.58,199.54,56.86,119.19
2020/08/24,91.48,71.6,90.37,88.16,87.06,88.53,69.46,72.24,71.73,87.3,89.88,90.74,90.5,87.55,87.18,199.8,197.58,200.91,202.02,203.04,199.58,198.47,198.02,197.25,203.04,69.46,133.79
2020/08/23,71.44,197.42,173.55,87.3,200.63,89.39,190.7,209.85,88.29,89.52,195.48,196.51,204.72,58.68,58.68,89.39,175.61,183.54,187.44,197.02,196.67,207.12,185.48,184.54,209.85,58.68,156.56
2020/08/22,71.92,197.92,180.65,169.37,88.92,170.31,175.95,183.94,183.94,196.42,198.45,199.16,199.16,87.07,87.93,190.18,194.92,197.59,199.78,205.64,199.14,197.33,197.78,194,205.64,71.92,175.48
2020/08/21,185.7,209.55,88.52,199.22,89.87,199.22,70.49,71.63,85.81,87.41,88.27,89.87,85.81,193.84,194.73,198.96,199.65,200.96,200.96,200.96,199.62,196.67,203.46,174.64,209.55,70.49,157.74
2020/08/20,90.71,72.3,70.27,89.24,88.25,89.48,60.61,72.55,88.75,90.71,88.25,89.11,88.13,89.36,89.97,199.46,196.48,196.48,198.75,200.1,196.48,195.4,193.37,195.37,200.1,60.61,132.18
2020/08/19,90.89,71.55,70.29,88.56,88.56,89.79,58.98,72.26,88.31,89.67,90.28,89.42,88.81,89.17,90.03,197.96,200.63,200.63,200.63,200.63,200.44,196.34,196.34,173.88,200.63,58.98,132.1
2020/08/18,89.08,71.25,89.69,87.36,87.24,88.47,70.35,72.01,89.94,88.34,200.03,197.79,204.82,194.91,195.8,195.58,195.8,194.02,195.8,196.54,193.61,193.38,192.68,191.79,204.82,70.35,157.49
2020/08/17,172.86,86.39,183.67,178.5,89.83,172.39,88.48,203.46,87.12,89.83,87,86.39,72.19,87.86,87.98,202.94,200.24,204.94,201.19,204.3,202.52,199.22,198.52,87.37,204.94,72.19,146.2
2020/08/16,73.07,71.36,91.53,89.32,73.32,72.95,87.48,53.14,53.23,54.67,54.72,70.98,71.36,72.22,87.63,89.6,91.07,182.93,202.72,202.48,200.8,191.56,198.9,198.9,202.72,53.14,115.65
2020/08/15,73.17,54.43,54.19,87.96,73.04,88.09,70.52,70.83,71.82,72.79,72.79,72.41,70.83,72.41,87.3,90,181.84,193.33,194.88,209.16,194.04,193.33,175.73,176.67,209.16,54.19,118.7
2020/08/14,73.46,61.27,57,71.12,71.93,71.93,61.89,73.46,88.22,87.6,73.08,90.06,87.48,92.39,72.7,175.07,194.45,198.56,198.56,198.56,192.54,191.46,194.12,194.12,198.56,57,125.73
2020/08/13,195.83,71.55,53.26,87.75,87.75,89.22,54.64,72.58,89.96,92.05,91.31,90.57,72.2,89.47,88.24,194.98,194.98,195.82,192.59,192.59,198.96,198.32,180.5,89.22,198.96,53.26,128.67
2020/08/12,71.73,52.94,51.59,73.14,88.54,88.41,53.22,71.73,91.98,92.59,198.56,199.85,194.71,177.62,196,181.91,192.7,193.54,199.61,209.18,185.14,181.91,179.03,90.75,209.18,51.59,147.15
2020/08/11,55.56,54.34,54.34,72.56,72.35,72.94,72.94,72.94,72.43,72.43,72.43,198.22,198.22,207.05,72.05,185.21,191.32,201.92,188.03,190.85,72.43,95.72,72.43,72.43,207.05,54.34,118.6
2020/08/10,53.69,72.67,71.86,51.95,51.95,71.17,72.97,55.06,73.82,73.82,73.82,73.44,178.85,215.41,183.48,186.45,193.18,199.79,195.3,196.59,194.01,180.66,170.39,73.82,215.41,51.95,132.49
2020/08/09,74.12,53.35,73.67,52.77,52.48,52.48,52.48,53.06,53.35,53.35,55.46,55.46,54.65,54.28,59.08,59.08,60.97,74.81,75.19,200.77,202.65,74.94,74.85,57.91,202.65,52.48,75.83
2020/08/08,54.71,53.32,53.03,52.45,52.45,52.45,74.33,53.32,73.21,54.14,56.95,57.11,54.14,57.02,74.27,73.9,75.01,74.33,191.47,199.46,201.34,75.14,75.14,74.33,201.34,52.45,83.73
2020/08/07,54.67,71.91,72.81,71.91,72.02,71.91,71.91,55.15,73.06,73.06,73.06,72.68,72.68,72.68,72.68,72.68,189.64,192.46,198.1,199.51,98.04,73.06,73.06,71.91,199.51,54.67,96.24
2020/08/06,54.77,53.4,74.12,72.23,72.86,52.82,53.4,55.17,73.74,73.74,73.74,73.36,73.36,73.36,73.36,88.68,92.36,181.83,186.53,198.9,198.9,189.82,89.9,90.76,198.9,52.82,101.34
2020/08/05,53.54,74.42,52.63,52.61,52.34,52.63,53.5,54.9,73.1,73.1,73.1,72.87,63,72.87,72.87,73.84,73.84,92.54,94.39,95.86,94.26,74.22,72.25,74.22,95.86,52.34,72.33
2020/08/04,53.56,72.69,72.74,71.93,71.93,72.18,72.74,53.78,100.4,72.61,73.27,72.76,60.88,72.76,72.76,72.76,72.76,92.49,92.12,212.64,196.91,92.12,87.58,73.27,212.64,53.56,88.28
2020/08/03,76.97,75.87,73.94,52.26,52.26,52.34,53.43,53.72,56.13,72.64,72.94,59.95,58.14,73.92,73.92,73.92,73.92,95.71,96.45,98.04,95.83,73.83,74.15,72.53,98.04,52.26,72.6
2020/08/02,53.39,72.33,73.48,72.76,73.14,73.61,72.33,71.34,98.17,98.3,53.39,53.39,53.67,53.39,53.39,55.16,60.9,73.52,73.52,94.44,98.25,94.93,199.99,73.52,199.99,53.39,78.16
2020/08/01,72.46,90.39,73.2,72.39,72.39,73.2,87.81,53.13,71.27,53.7,54.79,54.79,53.43,54.44,54.44,72.69,73.42,91.78,196.37,204.58,198.76,93.63,90.55,72.08,204.58,53.13,89.85
2020/07/31,88.38,101.62,89.46,101.88,90.84,101.75,104.34,87.36,90.37,102.01,102.79,106.94,101.49,105.25,106.55,184.1,187.86,187.86,198.67,189.84,188.6,184.7,104.6,104.86,198.67,87.36,129.78
2020/07/30,88.15,105.14,102.29,89.98,89.98,102.68,104.11,72.08,90.3,90.3,90.3,89.82,89.82,103.07,104.37,105.92,178.11,189.4,198.75,206.03,190.81,107.48,106.57,104.89,206.03,72.08,119.87
2020/07/29,88.44,105.13,89.46,89.63,88.53,88.72,104.22,90.84,90.37,102.15,90.37,102.15,102.28,102.28,104.61,106.17,193.24,107.6,193.17,198.35,191.76,189.88,103.19,104.74,198.35,88.44,120.71
2020/07/28,62.99,88.79,90.3,90.03,90.03,91.41,90.03,91.41,90.94,90.94,90.94,90.46,90.03,106.39,106.26,107.03,108.2,110.15,195.21,110.02,195.21,109.63,105.09,89.01,195.21,62.99,105.56
2020/07/27,87.01,104.26,90.11,88.73,89.02,89.92,106.34,89.11,104.78,90.65,90.65,90.02,89.86,89.86,89.86,89.86,111,105.81,108.27,110.09,108.01,93.5,91.42,90.4,111,87.01,96.07
2020/07/26,111.11,90.75,89.68,107.87,107.87,107.87,91.32,91.01,90.46,88.85,58.22,58.22,60.64,61.55,62.64,106.84,89.43,109.18,107.23,110.21,109.83,106.45,106.06,89.68,111.11,58.22,92.07
2020/07/25,91.64,57.68,56.05,91.38,55.74,55.74,90.15,90.91,57.97,66,68.74,68.74,70.99,113.59,89.82,89.82,75.37,90.72,91.67,109.09,111.69,108.7,109.09,90.56,113.59,55.74,84.78
2020/07/24,90.43,88.63,87.87,88.44,88.25,87.96,113.98,89.29,90.14,90.14,90.14,89.95,89.95,89.95,89.95,89.95,92.06,92.06,92.38,110.41,111.05,105.21,92.22,92.38,113.98,87.87,93.66
2020/07/23,65.75,102.53,88.65,87.81,86.92,87.63,89.66,90.25,90.89,90.89,90.89,90.57,89.06,90.57,90.57,90.57,90.57,90.57,90.89,90.89,112.36,90.89,90.89,90.89,112.36,65.75,90.76
2020/07/22,108.32,103.26,89.77,88.29,88.29,88.29,89.37,86.57,90.53,90.53,90.53,90.21,89.31,90.21,90.21,103.76,109.34,108.43,108.17,107.91,107.65,106.1,90.53,90.53,109.34,86.57,96.61
2020/07/21,89.95,88.39,88.55,54.93,89.41,90.11,90.7,90.43,91.49,91.49,107.18,91.02,89.57,91.02,91.02,107.83,109.39,109,110.04,110.56,110.69,108.87,90.43,89.41,110.69,54.93,96.05
2020/07/20,90.28,90.38,52.22,52.22,52.22,88.67,109.89,66.57,90.85,90.85,90.85,90.47,90.47,90.47,90.47,90.47,90.47,108.28,107.76,110.1,109.06,106.21,90.85,89.63,110.1,52.22,90.25
2020/07/19,94.66,94.34,93.64,94.66,93.64,91.92,92.62,93.09,92.62,91.14,58.36,60.32,61.07,62.33,62.64,64.26,64.26,94.79,67.93,95.17,110.72,112.41,108.64,107.99,112.41,58.36,85.72
2020/07/18,107.75,88.99,87.97,90.53,91.16,90.69,88.07,88.6,89.58,88.99,106.72,108.14,106.59,106.2,106.2,91.24,92.25,93.48,93,92.25,114.14,111.02,87.96,92.82,114.14,87.96,96.89
2020/07/17,108.35,89.4,87.66,90.2,89.72,89.56,88,88.57,89.56,89.56,88.88,88.69,76.01,88.69,88.69,90.66,90.66,107.64,107.51,111.01,110.75,90.98,89.28,88.26,111.01,76.01,93.14
2020/07/16,107.48,89.54,88.16,87.63,103.59,87.48,88.48,90.65,90.02,90.02,90.02,89.54,76.72,89.54,89.54,89.54,89.54,107.72,107.84,110.05,109.79,89.86,88.29,87.29,110.05,76.72,93.46
2020/07/15,90.87,89.85,89.62,88.83,91.16,91.16,90.87,93.2,92.88,90.87,89.32,89.13,87.8,89.81,89.81,89.81,108.13,89.81,110.07,111.63,110.33,90.13,87.72,89.32,111.63,87.72,93.77
2020/07/14,91.38,55.84,55.23,90.67,90.39,91.53,91.24,92.57,77.34,77.82,77.82,77.77,76.33,79.76,79.76,92.05,92.05,92.05,92.24,92.24,92.24,92.24,62.84,94.99,94.99,55.23,83.87
2020/07/13,95.88,93.32,114.97,51.52,51.52,89.51,89.38,91.29,89.57,92.59,92.59,92.28,91.21,92.28,92.28,92.28,92.28,92.28,92.59,92.59,92.59,92.59,71.01,61.01,114.97,51.52,88.13
2020/07/12,109.85,92.85,91.72,90.87,90.68,90.53,91.06,91.77,91.15,91.77,91.53,90.53,90,62.35,62.38,62.87,90.47,91.52,92.28,93.36,96.85,69.98,65.74,96.69,109.85,62.35,86.74
2020/07/11,108.23,90.39,89.41,106.15,105.76,88.3,88.98,89.41,89.6,87.73,87.83,87.83,88.02,88.3,108.1,110.05,88.46,107.84,107.45,107.97,108.88,90.29,90.08,88.6,110.05,87.73,96.2
2020/07/10,87.24,106.72,89.14,88.19,107.24,53.82,106.98,88.29,90.39,90.91,108.57,90.6,88.35,90.6,90.6,90.6,110.13,107.79,109.22,109.74,110.13,106.88,90.91,88.68,110.13,53.82,96.53
2020/07/09,107.55,90.29,88.59,88.2,103.79,88.59,89.81,105.09,90.45,90.45,105.92,106.59,89.22,89.81,89.81,89.81,107.55,106.91,108.59,200.16,195.53,108.59,89.22,88.2,200.16,88.2,106.23
2020/07/08,106.8,89.61,88.4,90.55,89.92,87.7,86.91,88.51,90.71,90.71,90.71,90.4,88.47,90.4,90.4,90.4,103.98,108.65,107.88,205.43,109.3,106.84,104.76,88.95,205.43,86.91,100.49
2020/07/07,109.41,89.47,88.61,89.63,89.47,53.82,88.61,90.22,90.85,90.85,90.85,90.54,78.58,90.54,90.54,90.54,90.54,193.79,107.93,110.14,110.01,109.62,104.56,89.31,193.79,53.82,98.14
2020/07/06,89.68,190.98,89.68,89.68,89.68,89.68,88.66,89.74,91.06,91.06,91.06,90.74,89.79,90.74,90.74,90.74,195.14,90.74,197.99,192.37,91.06,91.06,89.68,87.64,197.99,87.64,108.58
2020/07/05,92.01,92.37,90.92,89.68,91.94,90.22,90.92,91.78,90.92,90.92,55.9,57.15,90.22,91.15,90.22,91.15,64.23,89.9,91.94,93.16,93.16,91.47,89.68,92.85,93.16,55.9,87.19
2020/07/04,90.19,89.17,88.47,91.41,108.28,92.2,90.78,89.17,87.45,89.53,58.68,114.17,114.69,58.68,89.2,65.06,90.51,91.93,111.21,111.47,91.27,89.69,62.7,111.21,114.69,58.68,90.71
2020/07/03,108.79,89.17,87.76,88.15,90.55,87.76,88.81,106.97,90.86,90.86,90.86,90.55,89.17,90.55,90.55,90.55,109.25,90.55,109.64,111.07,110.94,108.6,87.57,86.74,111.07,86.74,95.69
2020/07/02,89.61,89.18,88.16,105.3,105.3,88.16,89.18,89.71,90.72,90.72,90.72,90.24,78.6,90.24,90.24,90.24,110.98,108,108.78,110.2,109.56,108.65,89.02,86.6,110.98,78.6,95.62
2020/07/01,88.94,88.56,55.29,90.98,91.25,92.36,90.98,90.98,92.36,88.24,88.24,87.67,78.29,89.95,90.66,90.66,90.66,108.37,109.54,193.21,191.97,105.64,90.24,88.73,193.21,55.29,100.59
2020/06/30,57.28,56.22,55.82,55.61,105.53,55.82,57.03,103.96,79.61,79.6,79.6,79.6,78.73,80.28,80.65,90,90,92.07,92.39,92.39,92.39,92.39,89.97,88.27,105.53,55.61,81.29
2020/06/29,101.91,89.92,88.48,100.24,89.06,87.97,88.88,100.24,100.34,89.28,89.28,89.19,89.19,89.19,101.62,101.91,102.31,91.56,91.72,91.72,91.72,91.72,91.72,89.57,102.31,87.97,93.34
2020/06/28,98.14,90.46,87.93,89.04,88.97,88.31,89.99,89.35,88.97,100.73,99.35,55.88,99.26,57.04,88.72,101.12,89.23,101.02,99.65,100.63,194.58,100.53,100.04,89.73,194.58,55.88,96.57
2020/06/27,99.03,89.57,88.49,88.08,89.57,89.57,89.83,89.57,100.04,100.92,100.92,87.2,88.53,88.34,98.96,61.25,88.97,91.33,100.83,101.61,194.31,100.53,90.28,89.7,194.31,61.25,97.04
2020/06/26,98.97,89.19,88.04,90.78,90.62,89.83,88.04,88.15,88.94,88.94,88.94,88.84,88.84,88.84,100.98,90.39,90.39,100.98,103.15,102.56,102.46,101.67,90.55,87.97,103.15,87.97,93.14
2020/06/25,89.53,56.83,88.44,89.72,89.92,89.53,88.47,89.92,90.71,90.71,90.71,90.39,90.39,90.39,90.39,90.39,101.66,104.22,103.13,103.92,103.63,90.71,90.71,87.48,104.22,56.83,91.86
2020/06/24,97.94,89.31,91.12,89.61,89.32,89.31,88.65,89.32,106.56,89.28,89.28,89,87.74,89,89,89,90.07,90.07,90.55,90.55,90.55,90.55,89.28,88.9,106.56,87.74,90.57
2020/06/23,97.46,88.95,87.23,89.7,89.52,55.56,88.61,89.89,91.19,91.19,91.19,89.56,88.3,89.56,89.56,89.56,90.07,90.07,102.78,104.16,102.98,90.55,102.29,89.85,104.16,55.56,91.38
2020/06/22,99.77,88.49,87.4,89.83,89.25,89.83,90.46,89.25,88.87,88.87,88.87,88.58,78.67,88.58,88.58,90.28,90.28,101.39,102.47,103.45,101.58,90.75,90.75,88.17,103.45,78.67,91.69
2020/06/21,98.71,89.04,87.96,89.23,89.23,89.54,89.38,89.04,88.86,55.86,57.7,57.7,56.68,56.94,57.7,62.72,65.33,90.7,91.15,101.62,103.59,91,89.21,103.69,103.69,55.86,80.93
2020/06/20,88.72,88.72,90.37,88.72,89.06,90.05,102.18,101.39,101.39,99.92,99.92,57.75,56.71,59.22,100.01,64.26,100.01,89.9,99.33,101,100.74,97.95,89.9,88.66,102.18,56.71,89.28
2020/06/19,89.52,88.41,89.5,89.5,88.41,87.32,88.29,103.67,88.95,88.95,88.95,88.76,88.76,88.76,88.76,88.76,90.62,90.62,101.6,103.77,102.88,90.94,88.04,104.26,104.26,87.32,92.18
2020/06/18,95.42,96.41,192.96,96.31,96.5,88.92,87.97,93.94,197.58,88.61,88.61,94.73,86.79,88.29,97.39,95.91,97.39,194.8,194.8,94.83,100.35,100.44,100.16,195.22,197.58,86.79,115.46
2020/06/17,185.15,94.96,186.55,183.28,182.34,187.49,94.37,94.96,188.42,94.27,94.17,93.38,93.68,95.45,94.86,190.69,187.15,201.91,190.69,95.06,96.14,95.74,88.18,191.96,201.91,88.18,135.91
2020/06/16,204.17,188,190.63,96.05,95.36,96.05,94.57,192.76,88.19,88.66,88.66,88.35,88.35,88.35,88.35,93,96.25,197,112.33,112.43,207.76,198.87,94.77,88.03,207.76,88.03,123.19
2020/06/15,96.1,97.81,98.7,96.93,96.53,97.52,97.62,96.93,95.25,79.56,79.88,79.88,78.93,88.98,88.98,88.98,95.52,95.13,97.89,98.67,96.21,97.28,97.28,98.87,98.87,78.93,92.96
2020/06/14,102.52,101.63,100.45,99.47,98.68,98,98.39,88.9,86.99,54.52,55.73,55.51,55.73,98.59,100.45,62.03,98.39,88.6,101.04,90.66,91.32,89.75,88.91,97.11,102.52,54.52,87.64
2020/06/13,93.11,85.82,100.22,98.16,98.45,99.44,100.81,87.4,100.42,87.72,57.22,56.65,55.11,101.2,57.22,87.5,90.83,88.29,98.66,101.02,100.14,98.86,90.51,87.98,101.2,55.11,88.35
2020/06/12,188.73,94.53,93.84,185.46,184.99,94.62,94.72,95.31,199.83,88.67,88.67,88.2,88.2,88.2,97.73,98.12,202.76,217.8,216.96,99.01,88.67,88.67,101.37,101.46,217.8,88.2,124.06
2020/06/11,89.05,86.67,88.89,95.33,88.73,88.73,98.18,98.87,98.68,94.05,96.61,88.41,88.32,88.41,94.05,97.3,95.72,191.61,199.09,195.82,198.15,98.18,94.34,206.1,206.1,86.67,116.89
2020/06/10,94.9,96.09,94.9,95.69,96.28,193.18,94.31,93.03,94.12,88.49,88.49,88.01,85.59,88.01,88.01,93.73,96.78,98.06,188.95,200.5,97.57,97.87,96.19,215.94,215.94,85.59,111.2
2020/06/09,94.25,95.63,95.73,94.65,93.96,95.73,95.34,94.16,93.27,88.06,88.06,79.88,77.71,79.88,80.45,95.53,93.07,95.53,97.01,195.39,199.13,199.6,96.91,95.04,199.6,77.71,106.17
2020/06/08,94.75,95.64,95.54,94.65,94.75,95.74,95.54,94.36,94.36,88.23,88.23,87.75,58.19,78.25,79.44,96.63,88.54,98.1,188.76,202.62,97.41,96.04,95.44,94.26,202.62,58.19,100.56
2020/06/07,198.65,95.26,94.18,197,97.03,97.13,94.67,95.06,92.6,95.36,92.6,55.65,55.65,57.01,95.16,86.02,96.54,200.04,92.11,94.08,94.96,95.75,193.67,205.63,205.63,55.65,111.79
2020/06/06,95.87,94.5,191.62,193.47,187.9,95.97,199.83,93.02,94.3,95.68,93.12,92.04,92.04,93.32,91.74,92.33,193.43,189.1,93.22,95.19,197.65,95.87,204.19,199.05,204.19,91.74,131.86
2020/06/05,94.98,190.27,197.58,95.18,93.7,94.68,94.29,93.6,94.68,88.41,88.41,87.93,87.61,87.93,87.93,87.93,95.59,95.99,189.05,190.04,209.84,96.09,93.23,211.46,211.46,87.61,119.01
2020/06/04,189.2,95.4,193.12,188.17,189.4,95.99,96.29,94.32,94.91,94.02,88.76,88.29,65.26,85.86,87.34,88.29,91.96,96.39,96.09,196.96,208.06,211.16,96.98,93.92,211.16,65.26,122.33
2020/06/03,96.43,96.63,200.67,93.97,96.82,194.74,96.82,96.33,194.48,95.05,94.75,94.26,93.67,88.02,88.02,92.19,94.26,188.9,96.13,195.97,195.97,96.13,95.74,94.56,200.67,88.02,119.92
2020/06/02,188.75,97.28,191.63,97.18,97.57,98.36,97.87,95.31,87.9,87.9,95.7,60.56,57.74,62.22,95.01,88.62,88.62,88.62,96.39,97.67,97.67,94.91,89.1,197.14,197.14,57.74,101.65
2020/06/01,95.27,97.24,96.06,97.05,97.34,195.5,94.39,95.27,195.5,191.97,88.61,93.89,84.65,93.89,84.62,88.13,88.13,95.27,95.77,96.85,189.7,88.61,202.51,202.51,202.51,84.62,118.87
2020/05/31,110.98,203.16,110.75,192.52,192.52,111.09,195.65,109.96,110.86,88,90.77,89.5,55.76,55.76,89.73,90.88,196.63,199.39,106.76,109.59,209.57,108.8,213.82,201.93,213.82,55.76,136.45
2020/05/30,111.07,111.19,110.96,109.72,110.06,110.96,110.85,109.38,109.61,108.48,90.48,88.17,55.62,88.17,106.11,108.82,110.51,111.19,220.91,89.9,111.41,106.34,90.25,211.58,220.91,55.62,112.72
2020/05/29,196.02,110.3,192.65,109.96,108.27,198.31,109.96,108.04,90.66,90.66,90.66,88.36,87.44,90.2,105.97,108.46,199.2,198.24,212.91,107.44,111.39,110.15,108,220.68,220.68,87.44,131.17
2020/05/28,110.4,191.11,199.12,110.86,110.86,111.76,109.84,91.43,89.58,91.2,91.2,89.24,59.09,88.2,87.95,77.97,108.56,110.48,219.12,108.1,111.94,110.81,108.44,217.18,219.12,59.09,116.45
2020/05/27,114.68,111.52,89.43,115.81,191.51,113.78,112.88,91.04,91.16,91.16,91.16,75.5,59.05,106.76,110.48,90.65,111.61,111.61,207.64,106.31,107.21,105.97,208.49,204.97,208.49,59.05,118.12
2020/05/26,187.29,187.29,90.75,201.93,175.25,195.28,195.28,91.1,89.37,113.91,90.75,89.14,88.68,89.71,114.13,113.91,90.29,212.97,207.12,90.75,114.13,90.75,219.8,205.12,219.8,88.68,138.9
2020/05/25,115.01,114.79,116.14,116.48,113.77,199.08,189.43,110.95,200.74,189.39,193.61,89.43,88.74,88.16,196.16,205.5,205.5,89.55,181.73,189.37,195.55,189.37,195.31,201.74,205.5,88.16,159.04
2020/05/24,91.05,58.46,114.91,113.89,112.99,113.66,111.75,88.28,111.41,55.46,55.76,55.15,54.85,55.15,55.46,56.07,89.57,110.86,204.78,108.94,110.52,106.91,195.8,193.33,204.78,54.85,102.89
2020/05/23,109.37,108.92,110.27,109.82,109.49,110.72,111.51,108.02,89.06,91.14,59.51,58.98,56.95,88.03,89.41,89.76,90.56,185.96,209.24,111.04,111.04,89.64,60.04,113.86,209.24,56.95,103
2020/05/22,195.79,111.52,109.83,111.52,112.77,110.51,111.41,89.99,90.68,90.68,90.68,78.17,62.18,90.22,90.22,90.22,110.62,110.62,216.87,90.68,109.04,110.96,90.34,212.62,216.87,62.18,112.51
2020/05/21,111.48,195.32,110.35,110.23,110.46,110.35,111.59,107.52,89.56,90.59,90.59,90.13,76.71,87.99,90.13,88.98,111.8,211.93,90.59,111.69,112.71,90.59,88.4,213.63,213.63,76.71,112.59
2020/05/20,115.48,90.45,88.95,115.82,115.59,113.67,91.03,112.77,90.68,90.68,90.68,90.33,79.36,90.33,90.33,90.33,111.76,90.33,107.36,110.97,112.1,89.99,215.79,208.03,215.79,79.36,108.52
2020/05/19,66.56,90.55,57.13,117.68,120.73,91.02,93.21,74.16,84.48,84.48,84.63,86.01,75.86,82.27,82.95,90.75,90.75,90.75,91.21,91.21,91.21,91.21,114.15,115.17,120.73,57.13,89.83
2020/05/18,111.98,111.08,109.27,109.38,109.5,109.27,89.92,87.04,90.96,90.96,90.96,81.1,66.86,81.08,90.56,90.56,90.56,107.78,113.31,91.02,111.05,111.73,112.75,108.23,113.31,66.86,98.98
2020/05/17,111.36,191.44,110.46,110.91,112.04,107.74,111.02,110.57,89.1,106.84,107.29,109.33,108.99,107.41,106.73,107.74,109.55,207.75,194.62,90.14,110.91,106.16,65.78,112.04,207.75,65.78,116.82
2020/05/16,110.62,109.5,105.44,110.96,110.4,108.59,110.06,110.85,110.96,106.68,89.54,89.77,88.5,88.85,105.89,107.58,109.95,187.59,208.54,107.13,188.1,111.07,90.58,220.91,220.91,88.5,121.19
2020/05/15,93.59,93.24,91.86,61.81,90.25,91.17,120.59,115.51,78.53,114.38,78.38,78.38,91.06,91.29,91.29,91.29,108.57,109.81,198.23,106.87,110.03,111.05,110.94,109.02,198.23,61.81,102.38
2020/05/14,193.28,107.79,107.56,106.2,110.5,107.45,105.41,89.13,89.93,89.93,83.97,81.33,66.78,77.71,80.45,93.27,93.27,117.25,121.42,93.85,93.85,93.85,90.38,116.91,193.28,66.78,100.46
2020/05/13,114.81,113.57,111.99,111.88,113.57,116.39,113.57,89.83,90.86,90.86,90.86,90.4,61.88,77.28,90.4,90.4,107.37,109.4,227.81,108.38,109.4,108.5,106.46,213.05,227.81,61.88,111.68
2020/05/12,195.37,195.37,107.55,107.43,107.1,104.84,107.89,89.5,89.86,89.86,89.86,82.55,66.03,79.31,83.11,90.44,90.44,90.44,111,90.79,90.79,90.79,113.6,112.35,195.37,66.03,103.17
2020/05/11,112.02,112.25,111.8,110.89,194.67,192.66,201.97,90.73,90.27,90.27,90.27,89.92,80.65,89.92,89.92,89.92,108.63,207.18,106.6,109.53,211.42,210.57,207.18,111.11,211.42,80.65,131.47
2020/05/10,113.21,111.17,109.48,113.66,113.77,109.93,111.85,110.38,89.16,86.62,110.04,56.15,55.8,56.15,56.91,62.49,91.45,114.58,110.62,112.88,93.87,89.96,76.77,72.56,114.58,55.8,92.97
2020/05/09,92.67,92.67,73.21,73.21,92.67,92.67,92.67,73.2,66.8,61.13,61.78,61.78,56.95,60.48,65.36,89.12,90.04,91.54,111.38,108,111.72,111.72,110.25,108.67,111.72,56.95,86.75
2020/05/08,116.06,89.26,89.73,89.96,90.65,191.51,90.19,195.25,90.42,90.42,82.63,85.04,60.53,77.9,79.25,80.15,91.49,91.49,91.95,91.95,91.95,193.41,91.95,91.95,195.25,60.53,102.19
2020/05/07,108.24,112.08,110.95,109.26,107,107.22,90.36,88.98,89.9,89.9,82.2,81.89,61.39,73.97,78.83,78.94,116.18,199.11,91.95,188.26,204.27,208.15,201.84,203.54,208.15,61.39,123.61
2020/05/06,183.29,170.63,188.67,176.13,170.28,192.2,193.45,106.79,103.52,109.05,106.79,103.06,58.69,66.27,90.25,87.48,107.09,212.39,109.01,194.56,205.47,202.2,192.86,195.41,212.39,58.69,149.9
2020/05/05,107.49,109.41,109.3,107.38,108.84,110.31,108.05,90.43,90,87.65,90.7,87.76,56.62,64.58,87.65,107.67,89.88,112.19,192.93,187.07,204.17,201.38,209.14,199.8,209.14,56.62,124.66
2020/05/04,110.59,108.44,106.07,90.83,107.31,110.13,107.76,90.86,90.1,89.64,89.64,75.24,88.87,87.78,90.1,111.16,90.1,90.1,112.97,114.55,113.42,113.19,113.87,194.2,194.2,75.24,105.27
2020/05/03,113.72,110.9,108.07,108.64,108.98,111.12,108.52,90.83,89.68,88.87,57.04,55.4,90.59,88.96,90.7,57.18,89.68,110.36,198.29,214.3,213.81,198.29,110.58,199.14,214.3,55.4,122.29
2020/05/02,92.89,91.82,90.65,90.4,90.4,91.05,90.94,113.5,54.99,112.26,54.19,53.78,53.38,53.78,54.19,54.99,57.49,90.37,92.38,110.17,112.54,111.75,112.31,114.45,114.45,53.38,87.19
2020/05/01,93.22,92.12,91.26,91.77,91.37,91.46,91.89,91.91,121.4,56.99,61.01,59.02,57.14,58.82,57.14,91.33,91.25,91.39,112.24,115.28,115.51,113.82,109.52,110.99,121.4,56.99,90.9
2020/04/30,88.42,86.39,87.53,86.81,86.82,87.53,86.81,68.72,86.09,56.8,67.59,65.92,56.64,66.55,67.64,67.64,88.77,89.89,89.63,90.38,138.61,90.38,90.38,88.56,138.61,56.64,83.45
2020/04/29,197.11,202.82,202.82,203.52,206.31,205.84,202.82,123.08,121.02,87.2,86.68,84.53,57.02,85.25,85.21,86.53,127.51,218.34,85.96,128.8,210.13,128.8,125.97,128.67,218.34,57.02,143.61
2020/04/28,201.02,204.26,205.79,207.15,207.4,205.4,206.65,198.97,226.79,122.75,120.44,121.34,117.22,120.18,123.01,123.14,205.27,217.96,217.96,216.78,218.67,219.92,219.67,218.35,226.79,117.22,187.98
2020/04/27,179.17,194.97,194.27,203.83,203.83,203.2,205.47,215.46,206.58,226.19,211.51,183.12,177.86,121.19,122.87,122.61,120.42,185.27,218.75,191.01,167.34,168.77,177.86,189.81,226.19,120.42,183.84
2020/04/26,202.56,200.26,195.61,200.56,210.71,212.1,204.51,123.24,226.57,121.83,120.16,119.26,120.16,122.21,208.64,185.21,209.03,221.03,225.87,219.93,212.83,215.05,121.57,185.13,226.57,119.26,184.07
2020/04/25,196.57,191.52,177.07,212.38,171.13,123.52,215.85,85.98,63.2,56.42,56.37,56.15,52.19,52.98,52.98,53.82,118.48,123.62,211,226.24,210.31,214.77,186.31,190.26,226.24,52.19,142.22
2020/04/24,192.84,182.19,178.25,177.17,174.46,186.14,194.37,216.51,124.4,121.19,118.87,86.06,70.33,86.06,86.06,123.11,214.31,218.8,213.27,221.2,214.02,214.91,213.27,211.63,221.2,70.33,171.41
2020/04/23,122.39,89.85,119.05,125.09,174.56,185.61,189,123.93,118.4,217.13,86.04,85.1,73.91,80.64,120.54,86.54,124.14,207.24,217.15,210.86,220.11,213.45,195.38,195.38,220.11,73.91,152.09
2020/04/22,86.76,131.39,130.1,128.82,130.74,131.65,132.42,86.13,86.13,126.76,86.13,85.71,84.25,85.71,85.71,122.08,123.62,197.65,192.55,212.45,215.07,216.96,216.96,216.1,216.96,84.25,140.42
2020/04/21,85.72,86.12,130.15,131.05,131.05,132.07,131.3,86.12,86.12,82.22,82.22,80.81,79.59,79.78,79.78,79.86,86.29,86.29,87.12,87.23,126.83,87.23,87.23,87.23,132.07,79.59,95.35
2020/04/20,121.85,200.47,126.99,124.93,125.19,203.02,203.87,125.71,86.55,86.55,86.55,86.35,74,86.35,85.72,86.35,130.44,221.07,130.82,133.91,130.44,129.41,89.07,89.07,221.07,74,124.68
2020/04/19,121.57,231.83,212.6,126.2,125.3,209.82,211.21,126.71,122.34,125.81,119.64,124.27,121.57,119.13,122.09,119.51,123.37,85.77,121.83,124.01,124.01,124.4,126.59,125.04,231.83,85.77,137.23
2020/04/18,86.44,126.9,124.46,85.08,123.69,125.1,124.2,86.44,86.44,75.15,75.6,73.57,68.69,68.69,80.55,84.91,86.68,121.54,210.76,226.22,211.06,122.44,208.1,218.45,226.22,68.69,125.79
2020/04/17,86.69,86.69,85.85,85.95,84.55,86.69,86.69,86.69,86.37,86.37,81.91,80.63,76.57,80.64,79.55,86.82,86.82,124.02,87.13,127.49,218.75,128.26,127.62,128.13,218.75,76.57,101.41
2020/04/16,125.68,121.83,119.13,188.93,214.46,122.34,121.7,122.85,85.8,85.8,85.8,80.56,76.93,80.79,80.64,81.08,86.89,86.89,87.31,87.31,87.31,136.6,87.31,87.31,214.46,76.93,106.1
2020/04/15,126.48,120.95,86.35,192.4,190.7,123.14,122.75,187.3,127.51,122.75,86.25,85.93,82.68,85.93,85.93,117.54,123.32,189.82,120.88,218.24,204.05,233.13,201.54,192.33,233.13,82.68,146.15
2020/04/14,125.73,122.51,85.66,85.35,123.54,128.43,129.07,86.5,86.39,86.39,86.39,86.08,77.1,86.08,86.08,122.7,202.43,121.03,199.92,204.47,208.53,204.47,127.33,211.64,211.64,77.1,131.06
2020/04/13,175.87,84.77,130.64,84.87,86.44,217.72,130.89,87.06,86.96,86.96,81.23,81.23,73.93,79.41,79.41,79.58,81.49,82.87,88.21,88.21,130.73,130.34,130.34,130.09,217.72,73.93,106.6
2020/04/12,125.24,126.01,123.31,121.9,123.06,123.06,119.97,86.07,55.01,52.57,53.18,51.95,50.87,50.87,51.95,53.18,85.16,221.07,84.95,133.59,133.59,133.21,132.95,214.1,221.07,50.87,108.81
2020/04/11,174.16,120.95,123.26,123.01,123.13,122.49,123.39,124.29,220.31,217.35,86.07,82.93,83.56,85.33,121.91,123.06,126.01,86.07,126.53,214.15,212.06,212.76,190.93,202.83,220.31,82.93,146.26
2020/04/10,124.88,123.72,86.35,85.1,121.92,123.08,126.29,86.35,125.65,86.25,86.25,86.25,67.61,86.25,86.25,86.25,123.82,122.02,214.23,222.82,197.64,194.24,207.84,201.04,222.82,67.61,132.1
2020/04/09,122.9,125.21,122.13,120.71,122.13,124.44,125.21,86.56,123.28,86.45,86.45,86.14,67.61,82.88,86.14,86.14,123.57,120.48,125.24,220.82,216.38,198.99,199.84,200.69,220.82,67.61,131.84
2020/04/08,122.04,119.72,217.11,125.38,126.41,86.04,86.04,86.04,85.94,85.94,85.94,80.71,67.61,75.09,86,86.42,121.56,203.26,121.18,216.86,211.76,204.96,123.36,126.58,217.11,67.61,125.72
2020/04/07,124.31,119.68,86.07,188.48,190.15,86.07,123.41,86.07,85.97,85.97,85.97,85.76,66.61,72.5,77.47,86.49,124.77,121.56,128.5,220.61,218.02,210.37,127.6,128.89,220.61,66.61,125.01
2020/04/06,86.41,127.27,127.92,127.14,127.79,123.03,125.47,86.51,123.67,86.41,86.41,86.2,68.21,83.69,86.2,120.63,217.42,122.17,124.74,217.25,218.1,124.87,123.97,125.51,218.1,68.21,124.51
2020/04/05,90.2,65.69,90.2,57.76,57.65,68.21,90.08,68.13,55.38,53.61,54,53.61,51.82,51.82,52.43,55.38,84.97,84.76,123.24,126.58,125.94,124.78,124.39,127.09,127.09,51.82,83.48
2020/04/04,84.57,126.72,124.54,123.64,124.41,129.29,130.19,125.57,85.05,84.95,66.23,66.23,57.22,57.52,64.44,64.44,66.23,86.68,126.02,129.49,126.79,124.61,88.51,87.98,130.19,57.22,98.3
2020/04/03,86.04,124.87,121.78,123.97,122.55,212.71,215.49,122.68,85.94,85.94,85.94,80.78,76.84,79.32,79.32,86.42,86.42,86.42,128.51,220.37,130.05,127.35,126.71,124.01,220.37,76.84,117.84
2020/04/02,86.98,84.15,67.61,83.32,126.9,130.75,133.2,130.88,127.41,86.87,86.87,86.87,75.91,86.87,86.87,86.87,124.23,122.82,223.66,214.78,223.25,198.6,125.78,125,223.66,67.61,124.76
2020/04/01,188.96,122.97,125.03,122.59,121.43,122.2,118.6,86.03,86.03,86.03,86.03,86.03,77.39,80.74,79.47,81.08,87.24,87.24,87.24,134.97,133.69,130.86,87.24,87.24,188.96,77.39,103.77
2020/03/31,162.03,130.72,128.14,130.59,128.96,155.01,156.51,130.18,87.25,87.25,87.25,87.25,87.25,87.25,87.25,87.25,133.49,161.97,133.63,219.42,145.2,221.11,132.27,131.72,221.11,87.25,129.67
2020/03/30,131.59,129.14,127.65,156.66,153.65,153.46,151.01,87.57,131.26,129.76,127.72,130.04,130.44,131.12,131.12,132.76,154.3,125.82,129.22,218.2,212.28,148.3,214.82,203.83,218.2,87.57,149.84
2020/03/29,131.2,129.3,87.53,137.73,137.46,87.63,130.8,129.3,129.3,87.53,87,87,84.66,85.19,87.53,127.56,133.13,87.53,130.55,149.35,210.69,216.6,216.6,217.44,217.44,84.66,133.76
2020/03/28,87.95,87.95,87.95,85.83,130.58,134.24,134.78,130.58,81.65,81.65,82.18,130.44,127.86,149.73,212.46,228.52,130.84,124.46,132.06,146,156.31,133.01,130.44,133.15,228.52,81.65,126.56
2020/03/27,87.81,87.81,87.81,85.69,136.87,138.64,141.76,134.42,87.6,87.6,87.6,86.23,80.01,82.28,82.28,82.28,85.44,85.44,88.34,88.34,88.34,88.34,88.34,88.34,141.76,80.01,95.49
2020/03/26,87.42,130.53,86.26,134.47,135.42,87.42,129.3,136.51,87.42,87.42,87.42,82.89,78.69,82.28,87.57,87.57,87.57,136.36,132.28,137.99,136.49,133.09,131.73,133.64,137.99,78.69,112.05
2020/03/25,151.17,132.43,130.39,126.86,127.13,129.58,130.53,123.73,123.87,87.2,87.2,83.41,79.89,80.82,80.87,87.63,129.5,87.63,134.39,163.84,155.32,132.63,87.95,87.95,163.84,79.89,115.76
2020/03/24,131.52,128.39,125.95,128.12,128.66,130.84,133.69,87.59,87.48,87.48,87.48,87.16,84.62,87.16,87.16,87.16,127.87,125.42,178.89,183.8,182.85,181.34,182.57,182.68,183.8,84.62,130.02
2020/03/23,133.72,129.37,86.76,85.59,86.87,131.95,136.71,133.45,87.71,87.71,87.71,87.5,85.59,87.5,87.5,87.5,124.6,131.81,160.71,190.9,187.73,186.59,187.68,188.25,190.9,85.59,127.58
2020/03/22,129.61,126.89,129.34,129.47,150.72,153.21,149.72,129.61,127.57,87.51,87.51,86.76,75.74,75.74,83.01,84.74,88.02,133.15,127.57,136,135.32,132.47,133.01,133.96,153.21,75.74,121.06
2020/03/21,87.46,87.46,133.74,134.28,162.69,87.46,131.98,127.77,128.31,87.14,87.14,86.61,79.72,79.74,79.74,87.59,127.31,87.59,131.93,134.1,134.1,132.2,133.01,133.01,162.69,79.72,113.12
2020/03/20,87.58,87.58,87.58,134.81,134.68,139.98,158.64,133.59,87.48,87.48,87.48,87.05,85.36,87.05,87.05,87.05,87.05,128.64,134.62,166.63,158.22,133.81,131.36,132.99,166.63,85.36,115.6
2020/03/19,126.44,87.56,87.56,85.34,87.56,87.56,87.56,87.56,87.46,86.4,86.4,85.22,82.46,82.48,84.17,84.68,85.21,85.21,87.88,141.22,141.9,140,139.86,87.88,141.9,82.46,98.71
2020/03/18,128.85,132.66,129.53,129.26,131.16,130.08,134.97,129.53,87.34,87.34,87.34,87.34,85.22,87.34,87.34,87.34,135.34,130.18,133.98,219.31,155.34,221.85,134.12,132.08,221.85,85.22,127.3
2020/03/17,131.35,134.21,134.89,133.39,133.26,134.34,153.31,132.44,87.03,87.03,84.92,86.02,81.18,81.08,81.28,84.67,87.64,126.52,225.54,153.61,157.1,132.77,131.69,130.87,225.54,81.08,122.75
2020/03/16,87.67,79.63,78.7,77.58,88.28,88.28,88.28,88.28,88.17,88.17,85.43,85.37,81.69,87.59,87.59,218.77,212.01,175.72,216.23,210.92,172.52,173.26,175.12,174.54,218.77,77.58,129.39
2020/03/15,124.57,87.21,87.21,87.21,87.21,87.21,162.69,87.21,87.21,79.74,79.74,79.12,79.08,78.86,79.02,79.07,79.89,81.04,87.98,87.98,87.98,87.98,87.98,87.98,162.69,78.86,90.06
2020/03/14,87.82,87.33,87.33,87.33,87.33,88.97,88.97,88.97,88.86,82.27,82.91,82.83,81.42,81.42,81.36,81.36,88.1,88.1,134.16,139.45,135.78,88.1,88.1,88.1,139.45,81.36,93.38
2020/03/13,87.37,87.37,145.61,142.49,142.76,87.37,87.37,87.37,87.26,87.18,88.04,87.07,87.07,87.07,87.91,87.91,87.91,87.91,88.02,159.09,88.02,88.02,88.02,88.02,159.09,87.07,97.6
2020/03/12,87.95,87.95,86.7,86.16,86.27,87.95,87.95,87.95,87.84,87.44,87.44,87.33,87.33,87.33,87.87,87.87,87.87,144.05,151.47,214.43,152.97,87.98,216.96,215.27,216.96,86.16,114.02
2020/03/11,87.76,87.76,87.76,85.42,86.17,87.76,87.76,89.08,88.97,88.97,88.97,85.81,81.68,82.46,82.46,87.65,87.85,87.85,132.6,164.95,139.67,136.82,136.14,135.32,164.95,81.68,102.5
2020/03/10,87.64,87.64,87.64,86.07,87.64,87.64,87.64,87.64,87.53,86.74,85.76,85.76,81.78,82.45,84.58,84.21,87.96,87.96,88.57,88.57,88.57,88.57,88.57,88.57,88.57,81.78,87.07
2020/03/09,87.65,87.65,157.81,87.65,87.65,87.65,87.65,147.13,87.54,87.54,87.54,87.33,85.42,87.33,87.33,87.33,87.33,89.01,89.23,89.23,89.23,87.54,87.54,87.54,157.81,85.42,93.23
2020/03/08,88.25,88.25,85.96,85.96,88.25,88.25,88.25,88.25,88.14,85.96,88.08,86.06,78.59,78.78,86.51,88.75,88.75,88.75,88.75,145.87,88.75,88.75,88.75,88.75,145.87,78.59,90.18
2020/03/07,87.6,87.6,87.6,87.6,87.6,87.6,87.6,87.6,87.6,87.6,87.6,87.48,86.38,87.48,85.88,87.48,130.59,136.02,137.51,136.16,134.12,132.63,130.59,131.41,137.51,85.88,104.61
2020/03/06,87.32,87.32,87.32,87.26,87.32,87.32,157.94,87.32,87.21,87.21,87.21,87.15,87.15,87.15,87.15,88.07,88.07,129.09,133.17,221.17,135.07,218.88,133.31,131.68,221.17,87.15,113.25
2020/03/05,87.33,87.33,87.33,84.89,87.33,87.33,88.62,88.62,88.51,88.51,88.51,85.72,82.47,84.23,84.74,87.95,88.24,132.37,134.54,157.4,135.63,131.96,133.46,133.73,157.4,82.47,102.69
2020/03/04,87.28,87.28,87.28,87.28,87.28,87.28,87.28,87.28,87.12,87.12,86.23,86.23,83.84,84.99,84.99,84.99,87.96,88.22,88.22,88.22,88.22,88.22,88.22,88.22,88.22,83.84,87.07
2020/03/03,87.65,87.65,87.65,86.01,87.65,87.65,87.65,87.65,87.54,156.19,87.54,87.43,87.43,87.43,87.43,87.43,132.09,133.59,136.17,136.71,133.18,134.27,131.27,131.95,156.19,86.01,106.85
2020/03/02,88.85,88.74,84.74,74.85,84.81,88.85,88.45,88.85,88.85,88.85,86.96,85.75,81.87,83.93,87.61,87.61,87.91,87.91,138.88,143.09,139.83,87.91,87.91,87.91,143.09,74.85,94.48
2020/03/01,89.1,86.29,144.2,89.1,143.93,87.6,89.1,89.1,88.98,88.98,87.97,87.71,85.5,85.73,88.98,88.98,87.71,145.93,88.98,88.98,88.98,87.97,88.98,88.98,145.93,85.5,95.31
2020/02/29,85.48,85.48,142.14,141.86,142.58,85.48,85.48,85.48,85.37,158.72,85.37,85.37,83.67,84.09,84.6,85.37,85.37,157.6,138.75,142.49,144.93,143.78,143.06,142.78,158.72,83.67,114.51
2020/02/28,85.46,85.46,154.34,152.84,85.36,153.84,85.46,85.46,85.46,85.46,85.46,85.46,85.36,85.46,85.36,85.15,137.58,143.34,139.45,187.17,201.64,188.26,187.5,189.57,201.64,85.15,124.59
2020/02/27,85.52,85.52,85.52,83,85.52,85.52,85.52,85.52,85.41,85.41,85.41,85.31,80.86,87.32,87.11,86.91,86.4,141.09,145.27,157.68,144.83,139.8,137.5,138.07,157.68,80.86,103.72
2020/02/26,85.3,85.3,85.3,84.27,85.3,85.3,85.3,154.11,85.3,85.3,85.3,85.3,84.89,85,85,85,85,142.22,146.39,147.25,139.48,88.11,88.11,88.11,154.11,84.27,99.48
2020/02/25,85.33,85.28,85.28,83.73,85.28,85.28,85.28,85.28,85.18,85.18,85.18,85.18,84.46,85.18,85.18,85.18,85.87,85.87,85.98,155.02,85.98,85.98,85.87,85.98,155.02,83.73,88.74
2020/02/24,85.82,85.04,84.32,83.7,84.21,85.82,85.82,85.82,85.72,85.72,85.14,84.94,84.94,84.94,84.94,85.5,85.5,155.39,86.37,85.76,85.76,85.72,85.72,85.72,155.39,83.7,88.62
2020/02/23,145,86.15,86.15,144.14,146.15,151.04,86.15,86.15,86.04,82.22,85.94,85.84,74.51,75.25,85.19,83.11,84.31,141.13,193.53,200.38,193.53,139.98,138.4,138.4,200.38,74.51,120.64
2020/02/22,162.12,137.04,85.08,85.08,85.08,85.08,85.08,85.08,84.84,84.84,81.45,77.96,75.94,77.97,78.55,81.04,85.48,85.73,85.73,157.28,85.73,85.73,85.73,85.73,162.12,75.94,93.11
2020/02/21,163.93,163.61,136.3,133.86,133.14,136.3,160.82,162.43,133.71,134.72,85,84.89,79.8,81.46,81.69,85.53,85.53,140.42,198.25,194.77,192,186.11,139.41,137.69,198.25,79.8,137.03
2020/02/20,85.14,85.14,85.14,83.94,85.14,85.14,85.14,85.14,85.03,84.87,84.87,84.76,80.65,81.4,85.35,85.35,86.56,134.66,188.17,184.21,183.24,183.24,191.92,192.29,192.29,80.65,116.47
2020/02/19,131.17,158.3,85.19,84.99,85.19,85.19,146.27,150.87,146.85,85.08,85.08,84.97,83.33,84.97,84.97,84.97,130.9,139.67,140.25,196.48,193,138.66,200.18,192.56,200.18,83.33,127.68
2020/02/18,85.29,85.29,84.26,83.54,84.26,85.29,85.29,86.68,86.57,86.57,86.57,84.12,80.37,81.34,82.2,85.32,85.6,149.35,145.69,193.6,194.37,189.91,187.84,189.91,194.37,80.37,115.3
2020/02/17,86.45,85.41,84.27,83.24,84.69,86.34,86.34,86.34,86.34,86.3,86.3,83.55,80.43,83.17,83.17,82.86,85.58,85.58,85.9,85.9,85.9,85.9,85.9,85.9,86.45,80.43,85.15
2020/02/16,132.46,86,86,86,86,86,86,86,84.42,76.66,82.17,76.19,74.43,74.43,74.43,79.25,85.27,85.99,86.18,86.18,86.18,85.19,86.18,86.18,132.46,74.43,85.7
2020/02/15,85.71,85.71,85.71,84.88,85.09,85.71,153.83,85.61,85.61,85.61,85.61,85.3,84.16,84.17,85.26,85.7,86.24,86.9,150.6,150.74,149.02,87.23,86.46,87.23,153.83,84.16,97.63
2020/02/14,85.66,85.66,84.3,85.02,84.78,84.3,85.66,85.66,85.66,85.66,85.66,85.02,85.02,85.02,85.58,85.58,85.58,85.58,85.69,197.53,152.66,201.01,197.53,85.69,201.01,84.3,103.99
2020/02/13,85.18,85.18,85.18,85.18,85.18,85.18,85.18,155.39,85.07,85.07,85.02,85.02,85.02,85.02,85.02,85.84,85.84,197.07,194.78,194.13,198.27,85.84,85.84,148.23,198.27,85.02,111.64
2020/02/12,85.33,85.33,85.33,84.45,85.33,85.33,85.33,85.33,85.22,85.22,85.22,85,85,85,85,149.9,85,149.9,195.39,196.15,149.18,197.67,85.22,85.22,197.67,84.45,109.97
2020/02/11,85.1,85.1,85.1,151.66,151.81,85.1,85.1,156.25,156.25,84.99,84.91,84.91,84.91,85.55,85.55,85.55,85.55,85.55,194.09,192.13,85.55,199.75,193.65,195.18,199.75,84.91,121.86
2020/02/10,85.39,85.39,85.39,83.64,85.39,85.39,85.39,85.39,85.28,85.28,85.09,84.99,82.82,82.96,85.49,85.49,85.49,170.32,172.19,172.93,169.58,167.92,173.09,173.09,173.09,82.82,113.48
2020/02/09,85.62,85.62,85.62,84.18,84.42,85.62,85.62,85.62,84.64,85.11,85.11,85.11,85.11,85.11,74.88,79.01,86.23,86.23,144.91,146.77,145.48,85.71,86.12,86.23,146.77,74.88,93.66
2020/02/08,85.24,85.24,85.24,84.25,84.25,85.24,85.24,85.24,85.13,84.96,84.96,81.91,77.42,77.87,81.28,80.34,85.55,85.88,149.19,152.36,148.76,85.88,85.88,85.88,152.36,77.42,93.72
2020/02/07,137.46,132.14,85.06,84.28,85.06,85.06,140.93,145.54,148.27,84.95,84.95,84.95,84.79,84.79,84.79,85.5,85.5,137.68,198.65,201.69,185.81,138.83,141.42,149.22,201.69,84.28,123.62
2020/02/06,85.1,85.1,85.1,84.12,85.1,85.1,85.1,156.87,154.37,85.1,84.92,84.82,84.82,84.82,84.82,85.43,85.43,138.64,199.18,198.11,191.47,138.21,180.58,181.23,199.18,84.12,120.97
2020/02/05,132,85.21,85.21,83.35,85.21,85.21,85.21,85.21,85.1,85.1,84.94,84.83,82.65,85.38,85.38,85.38,85.38,140.34,190.59,193.31,203.97,186.45,140.19,138.9,203.97,82.65,114.89
2020/02/04,132.31,85.17,85.17,84.18,84.76,85.17,143.82,147.27,148.42,85.17,85.17,85.06,85.06,85.06,85.06,85.06,137.53,142.56,197.81,193.24,183.34,138.53,135.8,140.69,197.81,84.18,121.4
2020/02/03,133.29,85.57,84.16,83.81,84.16,85.57,85.57,147.17,150.19,144.44,85.57,85.46,84.99,84.99,84.99,85.43,85.43,139.98,140.7,141.99,206.45,141.71,140.12,138.83,206.45,83.81,116.21
2020/02/02,135.06,85.28,85.49,84.56,84.56,85.49,85.49,85.49,85.39,85.39,85.39,84.25,74.43,85.39,85.39,86.1,86.1,139.28,143.88,146.89,144.88,142.15,141.15,140.29,146.89,74.43,105.99
2020/02/01,183.12,136.48,175.17,172.45,173.22,85.43,141.86,176.26,143.44,85.43,85.43,85.33,82.33,83.06,85.33,83.06,136.63,170.5,171.05,194.91,191.16,191.16,191.16,188.59,194.91,82.33,145.08
2020/01/31,87.42,87.42,87.42,85.63,87.42,87.42,87.42,145.9,148.23,152.3,87.85,87.14,84.8,86.4,87.63,87.63,87.63,124.68,152.39,151.66,123.85,205.89,198.24,123.03,205.89,84.8,117.22
2020/01/30,121.17,87.25,87.25,87.06,87.25,87.25,87.25,87.25,151.55,153.74,88.12,88.21,84.87,86.71,86.71,87.56,87.69,143.61,147.82,149.13,145.35,123.67,203.15,87.69,203.15,84.87,112.85
2020/01/29,135.49,87.25,87.25,87.09,87.25,87.25,87.25,151.28,154.78,87.14,86.99,86.99,86.99,86.99,86.99,86.99,87.76,123.37,151.41,149.37,143.7,87.76,125.85,124.19,154.78,86.99,109.21
2020/01/28,88.66,86.98,85.41,84.8,87.76,87.76,88.66,88.66,155.84,88.66,156.57,87.7,87.7,87.7,87.7,88.03,88.03,88.03,154.38,152.64,88.03,88.03,88.03,152.05,156.57,84.8,103.05
2020/01/27,88.93,86.17,88.61,85.11,87.23,88.93,79.07,88.4,88.18,78.95,88.93,88.93,88.08,88.93,88.93,88.93,88.93,88.29,154.46,153.88,88.93,88.93,88.93,88.93,154.46,78.95,94.07
2020/01/26,89.85,85.36,90.75,90.64,90.64,92.32,92.32,72.96,90.3,72.64,92.32,89.7,87.26,87.9,89.17,89.7,89.7,89.7,89.7,89.7,89.7,89.7,88.11,89.7,92.32,72.64,88.38
2020/01/25,124.42,88.38,88.38,88.38,85.94,88.38,152.99,155.46,87.85,85.94,86.47,130.54,86.68,87,86.97,89.32,88.43,89.89,86.97,90.22,89.32,88.65,90.22,130.81,155.46,85.94,99.77
2020/01/24,88.28,88.28,88.07,88.28,88.28,88.28,88.28,87.32,88.17,84.25,88.17,85.84,72.64,72.64,85.74,84.99,87.85,88.44,152.68,151.67,151.09,88.33,88.33,88.44,152.68,72.64,95.86
2020/01/23,136.25,134.79,87.5,86.49,87.5,120.66,87.5,149.03,152.37,87.38,120.25,87.38,87.38,87.38,87.38,87.38,87.38,87.38,152.34,151.62,151.03,87.27,87.38,149.43,152.37,86.49,111.6
2020/01/22,87.32,119.49,87.32,87.11,87.32,87.32,127.52,126.69,151.86,149.25,87.21,87.21,87.21,87.21,87.21,139.66,142.86,145.77,207.03,197.08,146.36,142.14,140.83,146.79,207.03,87.11,126
2020/01/21,120.95,122.61,87.26,87.26,87.26,87.26,87.26,151.3,154.93,87.15,87.15,87.15,87.15,87.15,87.15,87.15,122.63,208.76,205,191.97,144.39,142.35,144.97,143.23,208.76,87.15,123.61
2020/01/20,87.32,87.32,87.13,86.49,87.32,87.32,87.32,128.75,152.78,147.98,87.21,87.21,87.21,87.21,87.21,87.21,87.21,146.47,149.08,146.03,144.57,124.7,145.59,142.97,152.78,86.49,112.4
2020/01/19,126.47,87.37,87.37,86.4,86.4,87.37,87.37,128.13,130.61,87.26,87.26,87.25,84.92,87.04,87.25,86.93,87.99,125.87,128.52,128.52,128.52,155.32,123.99,124.41,155.32,84.92,106.77
2020/01/18,87.13,87.13,87.13,87.13,87.13,87.13,87.13,87.13,87.13,86.97,86.97,84.51,81.22,82.58,87.38,87.38,87.63,146.82,148.42,151.04,147.98,144.78,144.63,145.51,151.04,81.22,106
2020/01/17,87.13,87.13,87.13,87.13,87.13,87.13,87.13,87.13,154.99,87.13,87.01,86.9,86.9,86.9,86.9,87.57,125.69,147.52,151.45,149.7,146.79,87.68,124.81,123.03,154.99,86.9,106.64
2020/01/16,119.83,87.17,87.17,87.17,87.17,87.17,87.17,119.66,152.74,153.03,151.29,123.54,87.06,87.06,87.06,120.87,139.59,146.87,147.01,144.69,139.89,211.86,125.07,122.35,211.86,87.06,123.36
2020/01/15,123.22,119.91,87.15,87.01,87.15,87.15,87.15,148.4,154.95,87.15,87.15,86.9,86.9,86.9,86.9,87.57,115.13,146.67,147.98,146.24,143.76,204.29,121.85,87.68,204.29,86.9,114.96
2020/01/14,120.99,87.04,87.04,86.72,87.04,87.04,87.04,126.47,155.69,86.93,86.93,86.93,86.93,86.93,86.93,86.93,125.56,124.97,154.49,151.58,149.98,122.9,86.93,86.93,155.69,86.72,107.74
2020/01/13,127.17,88.79,88.79,88.79,88.79,88.79,124.1,129.52,154.47,148.36,148.79,88.79,88.79,88.79,123.07,194.95,142.68,198.02,201.08,143.99,140.79,141.8,138.17,120.88,201.08,88.79,131.02
2020/01/12,123.27,88.86,88.86,88.86,88.86,88.86,88.86,88.86,88.86,88.86,88.86,88.86,88.28,79.63,82.1,87.34,87.79,89.48,131.37,131.37,127.62,89.48,89.48,89.48,131.37,79.63,95.92
2020/01/11,140.77,122.33,88.79,88.79,88.79,88.79,88.79,132.45,88.79,88.79,88.79,88.79,79.37,81.18,87.4,87.4,89.42,126.17,150.12,149.83,146.91,130.87,126.05,121.79,150.12,79.37,109.24
2020/01/10,88.79,88.79,88.79,88.79,88.79,88.79,88.79,88.79,155.2,88.79,87,86.89,86.89,89.3,89.3,89.3,204.67,143.13,147.64,146.33,143.28,125.52,143.42,140.37,204.67,86.89,113.74
2020/01/09,88.79,87.18,87.18,85.83,87.18,87.18,87.18,90.68,90.68,90.68,90.68,87.06,87.06,87.06,89.33,89.33,147.89,149.49,152.84,150.22,147.16,147.6,124.37,147.46,152.84,85.83,109.34
2020/01/08,87.7,87.7,82.55,89.87,89.87,89.87,89.87,89.87,89.87,90.57,88.66,88.78,85.02,86.71,87.58,87.68,89.42,89.42,89.42,89.42,89.42,89.42,89.42,89.42,90.57,82.55,88.71
2020/01/07,88.79,88.79,88.79,88.79,88.79,88.79,88.79,88.79,88.79,87.16,87.16,88.23,84.99,86.72,86.76,90.68,90.68,90.68,90.68,88.03,88.03,88.03,88.03,88.03,90.68,84.99,88.47
2020/01/06,88.79,88.79,147.5,124.86,126.4,147.21,88.79,146.77,148.23,88.79,88.79,88.79,88.79,88.79,88.79,88.79,88.79,144.8,149.02,145.82,149.02,145.09,88.79,88.79,149.02,88.79,114.33
2020/01/05,88.79,88.79,88.79,129.4,88.79,126.31,88.79,88.79,88.79,88.79,88.79,88.79,88.79,88.79,88.79,88.79,142.18,149.59,146.83,143.49,142.03,202.96,200.66,123.59,202.96,88.79,115.54
2020/01/04,119.87,88.79,88.79,88.79,88.79,88.79,88.79,136.13,126.87,126.87,86.97,86.97,79.39,81.09,89.33,89.33,89.33,143.29,150.43,150.43,147.51,144.31,111.3,145.62,150.43,79.39,111.94
2020/01/03,123.49,88.79,88.79,88.79,88.79,88.79,88.79,88.79,152.22,150.62,88.79,88.79,88.79,88.79,88.79,88.79,127.79,149.39,152.15,150.26,148.22,121.22,147.79,147.93,152.22,88.79,115.41
2020/01/02,121.86,122.45,88.79,88.79,88.79,88.79,142.17,147.99,148.43,88.79,88.79,88.79,88.79,88.79,88.79,121.65,123.66,151.7,148.21,147.05,145.3,207.32,125.85,123.55,207.32,88.79,120.82
2020/01/01,88.95,129.25,88.95,88.95,88.95,88.95,125.94,88.95,133.4,87.8,87.47,84.89,87.36,86.13,88.89,89.42,125.86,154.95,152.63,129.8,128.26,124.51,89.42,120.76,154.95,84.89,107.36
